[2025-10-20 01:57:44] === Alpine Linux Setup with UNISOC Hardware Support ===
[2025-10-20 01:57:44] Script started with comprehensive logging enabled
[2025-10-20 01:57:44] Process ID: 3839
[2025-10-20 01:57:44] SD Card Path: /storage/3454-7DC4
[2025-10-20 01:57:44] Script Base: /storage/3454-7DC4
[2025-10-20 01:57:44] === Checking root access ===
[2025-10-20 01:57:44] ✓ Running as root user
[2025-10-20 01:57:44] Current user: root
[2025-10-20 01:57:44] Current UID: 
[2025-10-20 01:57:44] === Verifying helper scripts ===
[2025-10-20 01:57:44] ✓ Found: install_packages.sh
[2025-10-20 01:57:44] ✓ Found: setup-unisoc-hardware.sh
[2025-10-20 01:57:44] ✓ Found: install-unisoc-service.sh
[2025-10-20 01:57:44] ✓ Found: dev-nodes.sh
[2025-10-20 01:57:44] ✓ All helper scripts found
[2025-10-20 01:57:44] === Mounting linuxdata partition ===
[2025-10-20 01:57:44] ✓ Mount point already exists: /data/linuxdata
[2025-10-20 01:57:44] ✓ linuxdata partition already mounted
[2025-10-20 01:57:44] EXECUTING: df -h '/data/linuxdata'
Filesystem            Size  Used Avail Use% Mounted on
/dev/block/mmcblk0p77  54G   52M   54G   1% /data/linuxdata
[2025-10-20 01:57:44] SUCCESS: Command completed successfully
[2025-10-20 01:57:44] Mount verification:
[2025-10-20 01:57:44] EXECUTING: df -h '/data/linuxdata'
Filesystem            Size  Used Avail Use% Mounted on
/dev/block/mmcblk0p77  54G   52M   54G   1% /data/linuxdata
[2025-10-20 01:57:44] SUCCESS: Command completed successfully
[2025-10-20 01:57:44] EXECUTING: stat -f -c %T '/data/linuxdata'
ext3
[2025-10-20 01:57:44] SUCCESS: Command completed successfully
[2025-10-20 01:57:44] EXECUTING: ls -la '/data/linuxdata'
total 28
drwxr-xr-x  3 root   root    4096 2025-10-20 01:01 .
drwxrwx--x 52 system system  4096 2025-10-20 01:02 ..
drwx------  2 root   root   16384 2025-10-20 01:01 lost+found
[2025-10-20 01:57:44] SUCCESS: Command completed successfully
[2025-10-20 01:57:44] ✓ Write permissions verified
[2025-10-20 01:57:44] === Setting up chroot-distro environment ===
[2025-10-20 01:57:44] ✓ Set CHROOT_DISTRO_PATH=/data/linuxdata/chroot-distro
[2025-10-20 01:57:44] chroot-distro environment information:
[2025-10-20 01:57:44] EXECUTING: chroot-distro env
Script: /system/bin/chroot-distro
Version: 2.1.0
VersionCode: 17
md5 hash: 0d6f52524c601b6c968ce51d796b25f3
Toybox version: toybox 0.8.3-android
busybox => '/system/bin/busybox'
Busybox version: BusyBox v1.36.1-osm0sis (2023-09-02 19:01:41 ADT) multi-call binary.
chroot => '/system/bin/chroot'
lsof => 'busybox lsof'
Magisk installed (29.0:MAGISK:R)
Busybox for Android NDK Magisk module installed
Linux 4.14.193 #1 SMP PREEMPT Tue Jul 4 17:03:59 HKT 2023 aarch64 Android
PATH=/debug_ramdisk:/sbin:/sbin/su:/su/bin:/su/xbin:/system/bin:/system/xbin
[2025-10-20 01:57:45] SUCCESS: Command completed successfully
[2025-10-20 01:57:45] Current CHROOT_DISTRO_PATH: /data/linuxdata/chroot-distro
[2025-10-20 01:57:45] ℹ chroot-distro directory will be created during installation
[2025-10-20 01:57:45] === Downloading and installing Alpine Linux ===
[2025-10-20 01:57:45] Downloading Alpine Linux aarch64...
Distribution Name : Alpine Linux
Download Link : http://dl-cdn.alpinelinux.org/alpine/latest-stable/releases/aarch64/alpine-minirootfs-3.22.2-aarch64.tar.gz

Connecting to dl-cdn.alpinelinux.org (146.75.86.132:80)
saving to '/data/linuxdata/chroot-distro/.rootfs/alpine.tar.xz'
alpine.tar.xz         70% |**********************          | 2732k  0:00:00 ETA
alpine.tar.xz        100% |********************************| 3887k  0:00:00 ETA
'/data/linuxdata/chroot-distro/.rootfs/alpine.tar.xz' saved
[2025-10-20 01:57:46] ✓ Alpine Linux download completed successfully
[2025-10-20 01:57:46] Installing Alpine Linux to /data/linuxdata/chroot-distro...
[2025-10-20 01:57:46] NOTE: This may take 2-5 minutes. Progress monitoring enabled...
[2025-10-20 01:57:46] Starting Alpine installation process...
[2025-10-20 01:57:46] Installation process started (PID: 4121)
[2025-10-20 01:57:46]   Installation in progress... (0 seconds elapsed)
[2025-10-20 01:57:51] ⚠ Installation process terminated unexpectedly
[2025-10-20 01:57:52] Installation command completed, verifying...
[2025-10-20 01:57:52] ✓ Alpine directory exists
[2025-10-20 01:57:52]   ✓ /etc exists
[2025-10-20 01:57:52]   ✓ /bin exists
[2025-10-20 01:57:52]   ✓ /usr exists
[2025-10-20 01:57:52]   ✓ /var exists
[2025-10-20 01:57:52] Proceeding to chroot environment setup...
[2025-10-20 01:57:52] === Setting up chroot system environment and device nodes ===
[2025-10-20 01:57:52] Configuring device nodes and directories inside chroot at: /data/linuxdata/chroot-distro/alpine
[2025-10-20 01:57:52] Setting up /dev/shm inside chroot...
[2025-10-20 01:57:52] ✓ /data/linuxdata/chroot-distro/alpine/dev/shm already exists
[2025-10-20 01:57:52] ✓ Set /dev/shm permissions to 1777
[2025-10-20 01:57:52] Setting up /tmp inside chroot...
[2025-10-20 01:57:52] ✓ /data/linuxdata/chroot-distro/alpine/tmp already exists
[2025-10-20 01:57:52] ✓ Set /tmp permissions to 1777
[2025-10-20 01:57:52] Setting up /tmp/runtime inside chroot...
[2025-10-20 01:57:52] ✓ Created /tmp/runtime
[2025-10-20 01:57:52] ✓ Set /tmp/runtime permissions to 1777
[2025-10-20 01:57:52] Fixing device node permissions inside chroot...
[2025-10-20 01:57:52] ✓ Set /dev/null permissions to 666
[2025-10-20 01:57:52] ✓ Set /dev/zero permissions to 666
[2025-10-20 01:57:52] ✓ Set /dev/full permissions to 666
[2025-10-20 01:57:52] ✓ Set /dev/random permissions to 666
[2025-10-20 01:57:52] ✓ Set /dev/urandom permissions to 666
[2025-10-20 01:57:52] ✓ Set /dev/fuse permissions to 666
[2025-10-20 01:57:52] ✓ Set /dev/tty permissions to 666
[2025-10-20 01:57:52] ✓ Set /dev/ptmx permissions to 666
[2025-10-20 01:57:52] ✓ Set environment variables for chroot
[2025-10-20 01:57:52] ✓ Chroot system environment setup completed
[2025-10-20 01:57:52] === Bind-mounting Android system partitions ===
[2025-10-20 01:57:52] Creating mount point directories...
[2025-10-20 01:57:52] Bind-mounting /system...
[2025-10-20 01:57:53] ✓ /system already bind-mounted
[2025-10-20 01:57:53] Bind-mounting /system_ext...
[2025-10-20 01:57:53] ✓ /system_ext already bind-mounted
[2025-10-20 01:57:53] Bind-mounting /vendor...
[2025-10-20 01:57:53] ✓ /vendor already bind-mounted
[2025-10-20 01:57:53] Bind-mounting /product...
[2025-10-20 01:57:53] ✓ /product already bind-mounted
[2025-10-20 01:57:53] ✓ Android partition bind-mounting completed
[2025-10-20 01:57:53] Verifying Alpine installation...
[2025-10-20 01:57:53] EXECUTING: chroot-distro list -i
alpine
[2025-10-20 01:57:53] SUCCESS: Command completed successfully
[2025-10-20 01:57:53] ✓ Alpine Linux directory structure verified
[2025-10-20 01:57:53] EXECUTING: ls -la '/data/linuxdata/chroot-distro/alpine' | head -20
total 127
drwxr-xr-x  37 root   root       4096 2025-10-20 01:57 .
drwxr-xr-x   6 root   root       4096 2025-10-20 01:57 ..
dr-xr-xr-x  22 root   root          0 2025-10-20 01:02 acct
drwxr-xr-x  44 root   root        880 2025-10-20 01:02 apex
drwxr-xr-x   2 root   root       4096 2025-10-20 01:57 bin
drwxrwx---   8 system cache      4096 2025-10-20 01:02 cache
drwxr-xr-x   4 root   root          0 1969-12-31 19:00 config
drwxrwx--x  52 system system     4096 2025-10-20 01:02 data
drwx------   5 root   system      100 2025-10-20 01:02 data_mirror
drwx--x--x   3 root   root        200 2025-10-20 01:02 debug_ramdisk
drwxr-xr-x  24 root   root       3840 2025-10-20 01:57 dev
drwxr-xr-x  17 root   root       4096 2025-10-20 01:57 etc
drwxr-xr-x   2 root   root       4096 2025-10-08 05:29 home
drwxr-xr-x   6 root   root       4096 2025-10-20 01:57 lib
drwx------   2 root   root      16384 2008-12-31 19:00 lost+found
drwxr-xr-x   5 root   root       4096 2025-10-20 01:57 media
drwxr-xr-x  10 root   root       4096 1969-12-31 19:57 metadata
drwxr-xr-x  15 root   system      340 2025-10-20 01:02 mnt
drwxr-xr-x   2 root   root       4096 2008-12-31 19:00 odm
[2025-10-20 01:57:53] SUCCESS: Command completed successfully
[2025-10-20 01:57:53] === Installing comprehensive hardware support packages ===
[2025-10-20 01:57:53] Using package installation script from: /storage/3454-7DC4/install_packages.sh
[2025-10-20 01:57:53] Transferring install_packages.sh to Alpine /root...
[2025-10-20 01:57:54] ✓ Script transferred successfully
[2025-10-20 01:57:54] Making script executable...
[2025-10-20 01:57:55] ✓ Script made executable
[2025-10-20 01:57:55] Executing package installation in Alpine (this may take several minutes)...
[2025-10-20 01:57:55] Progress will be logged to /storage/3454-7DC4/alpine_setup.log
2025-10-20 05:57:56 - === Updating package database ===
2025-10-20 05:57:58 - === Installing Extra tools support ===
2025-10-20 05:57:58 - Installing: android-tools
2025-10-20 05:58:01 -   ✓ SUCCESS: android-tools
2025-10-20 05:58:01 - Installing: rng-tools
2025-10-20 05:58:02 -   ✓ SUCCESS: rng-tools
2025-10-20 05:58:02 - Installing: commons-daemon
2025-10-20 05:58:06 -   ✓ SUCCESS: commons-daemon
2025-10-20 05:58:06 - Installing: libcap
2025-10-20 05:58:07 -   ✓ SUCCESS: libcap
2025-10-20 05:58:07 - Installing: libcap-utils
2025-10-20 05:58:08 -   ✓ SUCCESS: libcap-utils
2025-10-20 05:58:08 - Installing: jsvc
2025-10-20 05:58:09 -   ✓ SUCCESS: jsvc
2025-10-20 05:58:09 - Installing: grep
2025-10-20 05:58:10 -   ✓ SUCCESS: grep
2025-10-20 05:58:10 - Installing: kmod
2025-10-20 05:58:11 -   ✓ SUCCESS: kmod
2025-10-20 05:58:11 - Installing: cronie
2025-10-20 05:58:12 -   ✓ SUCCESS: cronie
2025-10-20 05:58:12 - Installing: kbd
2025-10-20 05:58:13 -   ✓ SUCCESS: kbd
2025-10-20 05:58:13 - Installing: libcrypto3
2025-10-20 05:58:14 -   ✓ SUCCESS: libcrypto3
2025-10-20 05:58:14 - Installing: cryptsetup
2025-10-20 05:58:15 -   ✓ SUCCESS: cryptsetup
2025-10-20 05:58:15 - Installing: acl
2025-10-20 05:58:16 -   ✓ SUCCESS: acl
2025-10-20 05:58:16 - Installing: attr
2025-10-20 05:58:17 -   ✓ SUCCESS: attr
2025-10-20 05:58:17 - Installing: libmount
2025-10-20 05:58:18 -   ✓ SUCCESS: libmount
2025-10-20 05:58:18 - Installing: pcre2
2025-10-20 05:58:18 -   ✓ SUCCESS: pcre2
2025-10-20 05:58:18 - Installing: openssl
2025-10-20 05:58:19 -   ✓ SUCCESS: openssl
2025-10-20 05:58:19 - Installing: libblkid
2025-10-20 05:58:20 -   ✓ SUCCESS: libblkid
2025-10-20 05:58:20 - Installing: mdevd
2025-10-20 05:58:21 -   ✓ SUCCESS: mdevd
2025-10-20 05:58:21 - Installing: mdev-conf
2025-10-20 05:58:22 -   ✓ SUCCESS: mdev-conf
2025-10-20 05:58:22 - === Installing Development Tools and Build Dependencies ===
2025-10-20 05:58:22 - Installing: build-base
2025-10-20 05:58:26 -   ✓ SUCCESS: build-base
2025-10-20 05:58:26 - Installing: gcc
2025-10-20 05:58:27 -   ✓ SUCCESS: gcc
2025-10-20 05:58:27 - Installing: g++
2025-10-20 05:58:28 -   ✓ SUCCESS: g++
2025-10-20 05:58:28 - Installing: make
2025-10-20 05:58:29 -   ✓ SUCCESS: make
2025-10-20 05:58:29 - Installing: cmake
2025-10-20 05:58:31 -   ✓ SUCCESS: cmake
2025-10-20 05:58:31 - Installing: musl-dev
2025-10-20 05:58:32 -   ✓ SUCCESS: musl-dev
2025-10-20 05:58:32 - Installing: linux-headers
2025-10-20 05:58:33 -   ✓ SUCCESS: linux-headers
2025-10-20 05:58:33 - Installing: opencl-headers
2025-10-20 05:58:34 -   ✓ SUCCESS: opencl-headers
2025-10-20 05:58:34 - === Installing Core System Packages ===
2025-10-20 05:58:34 - Installing: eudev
2025-10-20 05:58:35 -   ✓ SUCCESS: eudev
2025-10-20 05:58:35 - Installing: eudev-libs
2025-10-20 05:58:36 -   ✓ SUCCESS: eudev-libs
2025-10-20 05:58:36 - Installing: util-linux
2025-10-20 05:58:37 -   ✓ SUCCESS: util-linux
2025-10-20 05:58:37 - Installing: coreutils
2025-10-20 05:58:38 -   ✓ SUCCESS: coreutils
2025-10-20 05:58:38 - Installing: parted
2025-10-20 05:58:39 -   ✓ SUCCESS: parted
2025-10-20 05:58:39 - Installing: gptfdisk
2025-10-20 05:58:40 -   ✓ SUCCESS: gptfdisk
2025-10-20 05:58:40 - Installing: mmc-utils
2025-10-20 05:58:41 -   ✓ SUCCESS: mmc-utils
2025-10-20 05:58:41 - Installing: busybox-extras
2025-10-20 05:58:42 -   ✓ SUCCESS: busybox-extras
2025-10-20 05:58:42 - === Installing Serial Communication Packages ===
2025-10-20 05:58:42 - Installing: setserial
2025-10-20 05:58:43 -   ✓ SUCCESS: setserial
2025-10-20 05:58:43 - Installing: minicom
2025-10-20 05:58:44 -   ✓ SUCCESS: minicom
2025-10-20 05:58:44 - Installing: screen
2025-10-20 05:58:45 -   ✓ SUCCESS: screen
2025-10-20 05:58:45 - Installing: socat
2025-10-20 05:58:46 -   ✓ SUCCESS: socat
2025-10-20 05:58:46 - Installing: agetty
2025-10-20 05:58:47 -   ✓ SUCCESS: agetty
2025-10-20 05:58:47 - Note: getty functionality provided by agetty
2025-10-20 05:58:47 - === Installing USB Support Packages ===
2025-10-20 05:58:47 - Installing: usbutils
2025-10-20 05:58:48 -   ✓ SUCCESS: usbutils
2025-10-20 05:58:48 - Installing: libusb
2025-10-20 05:58:49 -   ✓ SUCCESS: libusb
2025-10-20 05:58:49 - Installing: libusb-dev
2025-10-20 05:58:50 -   ✓ SUCCESS: libusb-dev
2025-10-20 05:58:50 - Installing: usb-modeswitch
2025-10-20 05:58:51 -   ✓ SUCCESS: usb-modeswitch
2025-10-20 05:58:51 - Note: usb-modeswitch includes necessary data files
2025-10-20 05:58:51 - Installing: udisks2
2025-10-20 05:58:53 -   ✓ SUCCESS: udisks2
2025-10-20 05:58:53 - Installing: udisks2-dev
2025-10-20 05:58:57 -   ✓ SUCCESS: udisks2-dev
2025-10-20 05:58:57 - === Installing Audio Support Packages ===
2025-10-20 05:58:57 - Installing: alsa-utils
2025-10-20 05:58:59 -   ✓ SUCCESS: alsa-utils
2025-10-20 05:58:59 - Installing: alsa-lib
2025-10-20 05:58:59 -   ✓ SUCCESS: alsa-lib
2025-10-20 05:58:59 - Installing: alsa-lib-dev
2025-10-20 05:59:00 -   ✓ SUCCESS: alsa-lib-dev
2025-10-20 05:59:00 - Installing: alsa-ucm-conf
2025-10-20 05:59:01 -   ✓ SUCCESS: alsa-ucm-conf
2025-10-20 05:59:01 - Installing: pulseaudio
2025-10-20 05:59:06 -   ✓ SUCCESS: pulseaudio
2025-10-20 05:59:06 - Installing: pulseaudio-alsa
2025-10-20 05:59:07 -   ✓ SUCCESS: pulseaudio-alsa
2025-10-20 05:59:07 - Installing: pipewire
2025-10-20 05:59:09 -   ✓ SUCCESS: pipewire
2025-10-20 05:59:09 - Installing: pipewire-alsa
2025-10-20 05:59:10 -   ✓ SUCCESS: pipewire-alsa
2025-10-20 05:59:10 - Installing: pipewire-pulse
2025-10-20 05:59:11 -   ✓ SUCCESS: pipewire-pulse
2025-10-20 05:59:11 - Installing: alsa-plugins-pulse
2025-10-20 05:59:12 -   ✓ SUCCESS: alsa-plugins-pulse
2025-10-20 05:59:12 - Installing: alsa-plugins-jack
2025-10-20 05:59:13 -   ✓ SUCCESS: alsa-plugins-jack
2025-10-20 05:59:13 - Installing: pavucontrol
2025-10-20 05:59:22 -   ✓ SUCCESS: pavucontrol
2025-10-20 05:59:22 - Installing: jack
2025-10-20 05:59:23 -   ✓ SUCCESS: jack
2025-10-20 05:59:23 - === Installing Video Support Packages ===
2025-10-20 05:59:23 - Installing: v4l-utils
2025-10-20 05:59:24 -   ✓ SUCCESS: v4l-utils
2025-10-20 05:59:24 - Installing: v4l-utils-dev
2025-10-20 05:59:25 -   ✓ SUCCESS: v4l-utils-dev
2025-10-20 05:59:25 - Installing: v4l-utils-libs
2025-10-20 05:59:26 -   ✓ SUCCESS: v4l-utils-libs
2025-10-20 05:59:26 - Note: libv4l and libv4l-dev are included in v4l-utils packages
2025-10-20 05:59:26 - Installing: ffmpeg
2025-10-20 05:59:28 -   ✓ SUCCESS: ffmpeg
2025-10-20 05:59:28 - Installing: ffmpeg-libs
2025-10-20 05:59:29 -   ✓ SUCCESS: ffmpeg-libs
2025-10-20 05:59:29 - Installing: libjpeg
2025-10-20 05:59:30 -   ✓ SUCCESS: libjpeg
2025-10-20 05:59:30 - Installing: libvpx
2025-10-20 05:59:31 -   ✓ SUCCESS: libvpx
2025-10-20 05:59:31 - === Installing Graphics Support Packages ===
2025-10-20 05:59:31 - Installing: libdrm
2025-10-20 05:59:32 -   ✓ SUCCESS: libdrm
2025-10-20 05:59:32 - Installing: libdrm-dev
2025-10-20 05:59:33 -   ✓ SUCCESS: libdrm-dev
2025-10-20 05:59:33 - Installing: mesa
2025-10-20 05:59:34 -   ✓ SUCCESS: mesa
2025-10-20 05:59:34 - Installing: mesa-dev
2025-10-20 05:59:37 -   ✓ SUCCESS: mesa-dev
2025-10-20 05:59:37 - Installing: mesa-dri-gallium
2025-10-20 05:59:38 -   ✓ SUCCESS: mesa-dri-gallium
2025-10-20 05:59:38 - Installing: mesa-gl
2025-10-20 05:59:39 -   ✓ SUCCESS: mesa-gl
2025-10-20 05:59:39 - Installing: mesa-gles
2025-10-20 05:59:40 -   ✓ SUCCESS: mesa-gles
2025-10-20 05:59:40 - Installing: mesa-egl
2025-10-20 05:59:41 -   ✓ SUCCESS: mesa-egl
2025-10-20 05:59:41 - Installing: mesa-gbm
2025-10-20 05:59:42 -   ✓ SUCCESS: mesa-gbm
2025-10-20 05:59:42 - Installing: mesa-utils
2025-10-20 05:59:43 -   ✓ SUCCESS: mesa-utils
2025-10-20 05:59:43 - Installing: mesa-demos
2025-10-20 05:59:44 -   ✓ SUCCESS: mesa-demos
2025-10-20 05:59:44 - === Installing Panfrost Driver for ARM Mali GPU ===
2025-10-20 05:59:44 - Installing: mesa-vulkan-panfrost
2025-10-20 05:59:46 -   ✓ SUCCESS: mesa-vulkan-panfrost
2025-10-20 05:59:46 - Panfrost vulkan driver installed for ARM Mali GPU support
2025-10-20 05:59:46 - === Installing Vulkan Support ===
2025-10-20 05:59:46 - Installing: mesa-vulkan-layers
2025-10-20 05:59:47 -   ✓ SUCCESS: mesa-vulkan-layers
2025-10-20 05:59:47 - Installing: vulkan-loader
2025-10-20 05:59:47 -   ✓ SUCCESS: vulkan-loader
2025-10-20 05:59:48 - Installing: vulkan-tools
2025-10-20 05:59:49 -   ✓ SUCCESS: vulkan-tools
2025-10-20 05:59:49 - Installing: sdl2
2025-10-20 05:59:50 -   ✓ SUCCESS: sdl2
2025-10-20 05:59:50 - Installing: sdl2-dev
2025-10-20 05:59:51 -   ✓ SUCCESS: sdl2-dev
2025-10-20 05:59:51 - === Installing X.org Server and Display Drivers ===
2025-10-20 05:59:51 - Installing: xorg-server
2025-10-20 05:59:53 -   ✓ SUCCESS: xorg-server
2025-10-20 05:59:53 - Installing: xvfb
2025-10-20 05:59:54 -   ✓ SUCCESS: xvfb
2025-10-20 05:59:55 - Installing: xf86-video-fbdev
2025-10-20 05:59:56 -   ✓ SUCCESS: xf86-video-fbdev
2025-10-20 05:59:56 - Installing: xf86-video-modesetting
2025-10-20 05:59:56 -   ✓ SUCCESS: xf86-video-modesetting
2025-10-20 05:59:56 - Installing: xf86-input-evdev
2025-10-20 05:59:57 -   ✓ SUCCESS: xf86-input-evdev
2025-10-20 05:59:57 - Installing: xf86-input-libinput
2025-10-20 05:59:58 -   ✓ SUCCESS: xf86-input-libinput
2025-10-20 05:59:58 - Installing: xinit
2025-10-20 06:00:00 -   ✓ SUCCESS: xinit
2025-10-20 06:00:00 - Installing: xrandr
2025-10-20 06:00:01 -   ✓ SUCCESS: xrandr
2025-10-20 06:00:01 - Installing: xset
2025-10-20 06:00:02 -   ✓ SUCCESS: xset
2025-10-20 06:00:02 - Installing: xprop
2025-10-20 06:00:03 -   ✓ SUCCESS: xprop
2025-10-20 06:00:03 - Installing: xdpyinfo
2025-10-20 06:00:04 -   ✓ SUCCESS: xdpyinfo
2025-10-20 06:00:04 - === Installing X11 Utilities ===
2025-10-20 06:00:04 - Installing: xauth
2025-10-20 06:00:05 -   ✓ SUCCESS: xauth
2025-10-20 06:00:05 - Installing: xhost
2025-10-20 06:00:06 -   ✓ SUCCESS: xhost
2025-10-20 06:00:06 - Installing: xmodmap
2025-10-20 06:00:06 -   ✓ SUCCESS: xmodmap
2025-10-20 06:00:06 - Installing: setxkbmap
2025-10-20 06:00:07 -   ✓ SUCCESS: setxkbmap
2025-10-20 06:00:07 - Installing: xdotool
2025-10-20 06:00:08 -   ✓ SUCCESS: xdotool
2025-10-20 06:00:08 - Installing from testing: wmctrl
2025-10-20 06:00:10 -   ✓ SUCCESS: wmctrl (testing)
2025-10-20 06:00:10 - Installing: conky
2025-10-20 06:00:11 -   ✓ SUCCESS: conky
2025-10-20 06:00:11 - === Installing Fluxbox Window Manager ===
2025-10-20 06:00:11 - Installing: fluxbox
2025-10-20 06:00:12 -   ✓ SUCCESS: fluxbox
2025-10-20 06:00:12 - Installing: xterm
2025-10-20 06:00:13 -   ✓ SUCCESS: xterm
2025-10-20 06:00:13 - Installing: font-terminus
2025-10-20 06:00:15 -   ✓ SUCCESS: font-terminus
2025-10-20 06:00:15 - Installing: ttf-dejavu
2025-10-20 06:00:17 -   ✓ SUCCESS: ttf-dejavu
2025-10-20 06:00:17 - Installing: ttf-liberation
2025-10-20 06:00:18 -   ✓ SUCCESS: ttf-liberation
2025-10-20 06:00:18 - Installing: font-noto
2025-10-20 06:00:20 -   ✓ SUCCESS: font-noto
2025-10-20 06:00:20 - === Installing Network Packages ===
2025-10-20 06:00:20 - Installing: iproute2
2025-10-20 06:00:21 -   ✓ SUCCESS: iproute2
2025-10-20 06:00:21 - Installing: net-tools
2025-10-20 06:00:22 -   ✓ SUCCESS: net-tools
2025-10-20 06:00:22 - Installing: wireless-tools
2025-10-20 06:00:23 -   ✓ SUCCESS: wireless-tools
2025-10-20 06:00:23 - Installing: iw
2025-10-20 06:00:24 -   ✓ SUCCESS: iw
2025-10-20 06:00:24 - Installing: wpa_supplicant
2025-10-20 06:00:25 -   ✓ SUCCESS: wpa_supplicant
2025-10-20 06:00:25 - Installing: hostapd
2025-10-20 06:00:26 -   ✓ SUCCESS: hostapd
2025-10-20 06:00:26 - Installing: dhcpcd
2025-10-20 06:00:27 -   ✓ SUCCESS: dhcpcd
2025-10-20 06:00:27 - Installing: ppp
2025-10-20 06:00:29 -   ✓ SUCCESS: ppp
2025-10-20 06:00:29 - Installing: openssh-client
2025-10-20 06:00:30 -   ✓ SUCCESS: openssh-client
2025-10-20 06:00:30 - Installing: curl
2025-10-20 06:00:31 -   ✓ SUCCESS: curl
2025-10-20 06:00:31 - Installing: wget
2025-10-20 06:00:32 -   ✓ SUCCESS: wget
2025-10-20 06:00:32 - === Installing Modem/Cellular Packages ===
2025-10-20 06:00:32 - Installing: modemmanager
2025-10-20 06:00:33 -   ✓ SUCCESS: modemmanager
2025-10-20 06:00:33 - Installing: libqmi
2025-10-20 06:00:34 -   ✓ SUCCESS: libqmi
2025-10-20 06:00:34 - Installing: libmbim
2025-10-20 06:00:35 -   ✓ SUCCESS: libmbim
2025-10-20 06:00:35 - Installing: networkmanager
2025-10-20 06:00:36 -   ✓ SUCCESS: networkmanager
2025-10-20 06:00:36 - Installing: networkmanager-wifi
2025-10-20 06:00:37 -   ✓ SUCCESS: networkmanager-wifi
2025-10-20 06:00:37 - Installing: networkmanager-wwan
2025-10-20 06:00:38 -   ✓ SUCCESS: networkmanager-wwan
2025-10-20 06:00:38 - Installing: mobile-broadband-provider-info
2025-10-20 06:00:39 -   ✓ SUCCESS: mobile-broadband-provider-info
2025-10-20 06:00:39 - === Installing Input Device Packages ===
2025-10-20 06:00:39 - Installing: libinput
2025-10-20 06:00:40 -   ✓ SUCCESS: libinput
2025-10-20 06:00:40 - Installing: libinput-dev
2025-10-20 06:00:41 -   ✓ SUCCESS: libinput-dev
2025-10-20 06:00:41 - Installing: evtest
2025-10-20 06:00:42 -   ✓ SUCCESS: evtest
2025-10-20 06:00:42 - Note: input-utils not available, evtest provides similar functionality
2025-10-20 06:00:42 - Installing: libevdev
2025-10-20 06:00:43 -   ✓ SUCCESS: libevdev
2025-10-20 06:00:43 - Installing: libevdev-dev
2025-10-20 06:00:44 -   ✓ SUCCESS: libevdev-dev
2025-10-20 06:00:44 - Installing: xf86-input-libinput
2025-10-20 06:00:45 -   ✓ SUCCESS: xf86-input-libinput
2025-10-20 06:00:45 - === Installing Sensor Packages ===
2025-10-20 06:00:45 - Attempting to install libiio from testing repository...
2025-10-20 06:00:45 - Installing from testing: libiio
2025-10-20 06:00:46 -   ✓ SUCCESS: libiio (testing)
2025-10-20 06:00:47 - Installing from testing: libiio-dev
2025-10-20 06:00:48 -   ✓ SUCCESS: libiio-dev (testing)
2025-10-20 06:00:48 - Installing: iio-sensor-proxy
2025-10-20 06:00:49 -   ✓ SUCCESS: iio-sensor-proxy
2025-10-20 06:00:49 - Installing: lm-sensors
2025-10-20 06:00:50 -   ✓ SUCCESS: lm-sensors
2025-10-20 06:00:50 - Installing: i2c-tools
2025-10-20 06:00:51 -   ✓ SUCCESS: i2c-tools
2025-10-20 06:00:51 - === Installing GPIO Packages ===
2025-10-20 06:00:51 - Installing: libgpiod
2025-10-20 06:00:52 -   ✓ SUCCESS: libgpiod
2025-10-20 06:00:52 - Installing: libgpiod-dev
2025-10-20 06:00:53 -   ✓ SUCCESS: libgpiod-dev
2025-10-20 06:00:53 - Note: gpiod tools are included in libgpiod package
2025-10-20 06:00:53 - Installing: python3
2025-10-20 06:00:54 -   ✓ SUCCESS: python3
2025-10-20 06:00:54 - Installing: python3-dev
2025-10-20 06:00:56 -   ✓ SUCCESS: python3-dev
2025-10-20 06:00:56 - Installing: py3-pip
2025-10-20 06:00:57 -   ✓ SUCCESS: py3-pip
2025-10-20 06:00:57 - === Installing I2C Packages ===
2025-10-20 06:00:57 - Installing: i2c-tools
2025-10-20 06:00:58 -   ✓ SUCCESS: i2c-tools
2025-10-20 06:00:58 - Installing: py3-smbus
2025-10-20 06:00:59 -   ✓ SUCCESS: py3-smbus
2025-10-20 06:00:59 - === Installing SPI Packages ===
2025-10-20 06:00:59 - Installing: spi-tools
2025-10-20 06:01:00 -   ✓ SUCCESS: spi-tools
2025-10-20 06:01:00 - Installing spidev via pip...
2025-10-20 06:01:08 -   ✓ SUCCESS: spidev (via pip)
2025-10-20 06:01:08 - === Installing System Utilities ===
2025-10-20 06:01:08 - Installing: rng-tools
2025-10-20 06:01:09 -   ✓ SUCCESS: rng-tools
2025-10-20 06:01:09 - Installing: haveged
2025-10-20 06:01:10 -   ✓ SUCCESS: haveged
2025-10-20 06:01:10 - Attempting to install watchdog from testing...
2025-10-20 06:01:10 - Installing from testing: watchdog
2025-10-20 06:01:11 -   ✓ SUCCESS: watchdog (testing)
2025-10-20 06:01:11 - Installing: openrc
2025-10-20 06:01:13 -   ✓ SUCCESS: openrc
2025-10-20 06:01:13 - Attempting to install device tree compiler (dtc) from community...
2025-10-20 06:01:15 -   ✓ SUCCESS: dtc
2025-10-20 06:01:15 - Installing: dmidecode
2025-10-20 06:01:16 -   ✓ SUCCESS: dmidecode
2025-10-20 06:01:16 - Installing: htop
2025-10-20 06:01:17 -   ✓ SUCCESS: htop
2025-10-20 06:01:17 - Installing: nano
2025-10-20 06:01:18 -   ✓ SUCCESS: nano
2025-10-20 06:01:18 - Installing: vim
2025-10-20 06:01:19 -   ✓ SUCCESS: vim
2025-10-20 06:01:19 - Installing: dbus
2025-10-20 06:01:20 -   ✓ SUCCESS: dbus
2025-10-20 06:01:20 - Installing: dbus-x11
2025-10-20 06:01:21 -   ✓ SUCCESS: dbus-x11
2025-10-20 06:01:21 - Installing: polkit
2025-10-20 06:01:22 -   ✓ SUCCESS: polkit
2025-10-20 06:01:22 - Installing: sudo
2025-10-20 06:01:23 -   ✓ SUCCESS: sudo
2025-10-20 06:01:23 - === RTC Support ===
2025-10-20 06:01:23 - Note: hwclock is provided by util-linux (already installed)
2025-10-20 06:01:23 - === Installing Bluetooth ===
2025-10-20 06:01:23 - Installing: bluez
2025-10-20 06:01:24 -   ✓ SUCCESS: bluez
2025-10-20 06:01:24 - Installing: bluez-deprecated
2025-10-20 06:01:25 -   ✓ SUCCESS: bluez-deprecated
2025-10-20 06:01:25 - Installing: bluez-obexd
2025-10-20 06:01:27 -   ✓ SUCCESS: bluez-obexd
2025-10-20 06:01:27 - Installing: bluez-meshctl
2025-10-20 06:01:28 -   ✓ SUCCESS: bluez-meshctl
2025-10-20 06:01:28 - Installing: bluez-alsa
2025-10-20 06:01:29 -   ✓ SUCCESS: bluez-alsa
2025-10-20 06:01:29 - Installing: openobex
2025-10-20 06:01:30 -   ✓ SUCCESS: openobex
2025-10-20 06:01:30 - === Installing Desktop Applications ===
2025-10-20 06:01:30 - Installing: pcmanfm
2025-10-20 06:01:32 -   ✓ SUCCESS: pcmanfm
2025-10-20 06:01:32 - Installing: feh
2025-10-20 06:01:33 -   ✓ SUCCESS: feh
2025-10-20 06:01:33 - Installing: vlc
2025-10-20 06:01:36 -   ✓ SUCCESS: vlc
2025-10-20 06:01:36 - === Installing Flatpak Support ===
2025-10-20 06:01:36 - Installing: flatpak
2025-10-20 06:01:38 -   ✓ SUCCESS: flatpak
2025-10-20 06:01:38 - Installing: xdg-desktop-portal
2025-10-20 06:01:39 -   ✓ SUCCESS: xdg-desktop-portal
2025-10-20 06:01:39 - Installing: xdg-desktop-portal-gtk
2025-10-20 06:01:40 -   ✓ SUCCESS: xdg-desktop-portal-gtk
2025-10-20 06:01:40 - Installing: xdg-utils
2025-10-20 06:01:41 -   ✓ SUCCESS: xdg-utils
2025-10-20 06:01:41 - Enabling FUSE support for Flatpak...
2025-10-20 06:01:41 -   ✓ FUSE service enabled
2025-10-20 06:01:41 - === Installing Archive Tools ===
2025-10-20 06:01:41 - Installing: zip
2025-10-20 06:01:42 -   ✓ SUCCESS: zip
2025-10-20 06:01:42 - Installing: unzip
2025-10-20 06:01:43 -   ✓ SUCCESS: unzip
2025-10-20 06:01:43 - Installing: tar
2025-10-20 06:01:44 -   ✓ SUCCESS: tar
2025-10-20 06:01:44 - Installing: gzip
2025-10-20 06:01:45 -   ✓ SUCCESS: gzip
2025-10-20 06:01:45 - Installing: bzip2
2025-10-20 06:01:46 -   ✓ SUCCESS: bzip2
2025-10-20 06:01:46 - Installing: xz
2025-10-20 06:01:47 -   ✓ SUCCESS: xz
2025-10-20 06:01:47 - === Package Installation Completed at Mon Oct 20 06:01:47 UTC 2025 ===
2025-10-20 06:01:47 - Check /data/package_install.log for detailed installation log

==========================================
Installation Summary
==========================================
Total packages installed: 812

Key Components Installed:
  ✓ Core system utilities and device management
  ✓ X.org server with modesetting driver
  ✓ Panfrost driver for ARM Mali GPU
  ✓ Fluxbox window manager with themes
  ✓ Vulkan support for GPU acceleration
  ✓ Complete audio/video/input support
  ✓ Cellular modem support (47 UNISOC devices)
  ✓ GPIO, I2C, SPI hardware interfaces

Notes:
  - spidev installed via pip3
  - hwclock available via util-linux
  - Use 'setup-xorg-base' to configure X.org
  - Start Fluxbox with: startx
  - xf86-video-modesetting is the default driver

Log file: /data/package_install.log
==========================================
2025-10-20 06:01:47 - === Creating Fluxbox startup configuration ===
2025-10-20 06:01:47 - ✓ Created default Fluxbox configuration in /etc/skel
2025-10-20 06:01:47 - Note: Users will get this configuration when created
2025-10-20 06:01:47 - === Configuring D-Bus System Service ===
2025-10-20 06:01:47 - Enabling D-Bus system daemon...
2025-10-20 06:01:47 -   ✓ D-Bus system service enabled for boot
2025-10-20 06:01:47 - Note: D-Bus system daemon will start automatically on next boot
2025-10-20 06:01:47 - Or start manually with: rc-service dbus start

To start X11 with Fluxbox:
  1. Create a user if you haven't: adduser <username>
  2. Login as that user
  3. Start D-Bus system: rc-service dbus start (as root)
  4. Run: startx (as user)

[2025-10-20 02:01:47] ✓ Package installation completed
[2025-10-20 02:01:47] ✓ Hardware packages installation process completed
[2025-10-20 02:01:47] === Installing UNISOC Hardware Script and Service ===
[2025-10-20 02:01:47] Transferring setup-unisoc-hardware.sh to Alpine...
[2025-10-20 02:01:48] ✓ UNISOC script transferred successfully
[2025-10-20 02:01:48] Making UNISOC script executable...
[2025-10-20 02:01:49] ✓ UNISOC script made executable
[2025-10-20 02:01:49] Transferring install-unisoc-service.sh to Alpine...
[2025-10-20 02:01:50] ✓ Service script transferred successfully
[2025-10-20 02:01:50] Making service script executable...
[2025-10-20 02:01:51] ✓ Service script made executable
[2025-10-20 02:01:51] Preparing OpenRC environment for chroot...
[2025-10-20 02:01:52] Installing UNISOC OpenRC service...
=== Installing UNISOC Hardware Service ===
 * service unisoc-hardware added to runlevel default
✓ UNISOC hardware service enabled successfully
 * Caching service dependencies ... [ ok ]
 * Checking local filesystems  ... [ ok ]
 * Remounting filesystems ... [ ok ]
 * Mounting local filesystems ... [ ok ]
 * Configuring UNISOC hardware devices ... [ ok ]
✓ UNISOC hardware service started successfully
=== Service installation complete ===
[2025-10-20 02:01:58] ✓ UNISOC service installation completed
[2025-10-20 02:01:58] Verifying OpenRC service installation...
 unisoc-hardware                                                   [  started  ]
 unisoc-hardware                                                   [  started  ]
[2025-10-20 02:01:59] ✓ UNISOC hardware and service installation completed
[2025-10-20 02:01:59] === Setting up D-Bus integration for Fluxbox ===
[2025-10-20 02:01:59] Verifying D-Bus configuration...
dbus-x11-1.16.2-r1 description:
X11 add-ons for D-BUS

dbus-x11-1.16.2-r1 webpage:
https://www.freedesktop.org/Software/dbus

dbus-x11-1.16.2-r1 installed size:
65 KiB

[2025-10-20 02:02:01] ✓ dbus-x11 package is installed (provides dbus-run-session)
[2025-10-20 02:02:01] Verifying D-Bus system service...
 dbus                                                              [  stopped  ]
[2025-10-20 02:02:02] ✓ D-Bus system service configuration verified
[2025-10-20 02:02:02] ✓ D-Bus integration verification completed
[2025-10-20 02:02:02] === Creating default user p3plus ===
id: ‘p3plus’: no such user: Invalid argument
[2025-10-20 02:02:03] Creating user p3plus...
[2025-10-20 02:02:04] ✓ User p3plus created successfully
[2025-10-20 02:02:04] Adding p3plus to system groups...
[2025-10-20 02:02:05]   ✓ Added p3plus to root group
[2025-10-20 02:02:06]   ✓ Added p3plus to bin group
[2025-10-20 02:02:07]   ✓ Added p3plus to daemon group
[2025-10-20 02:02:08]   ✓ Added p3plus to sys group
[2025-10-20 02:02:09]   ✓ Added p3plus to adm group
[2025-10-20 02:02:10]   ✓ Added p3plus to tty group
[2025-10-20 02:02:11]   ✓ Added p3plus to disk group
[2025-10-20 02:02:12]   ✓ Added p3plus to lp group
[2025-10-20 02:02:13]   ✓ Added p3plus to mem group
[2025-10-20 02:02:14]   ✓ Added p3plus to kmem group
[2025-10-20 02:02:15]   ✓ Added p3plus to wheel group
[2025-10-20 02:02:16]   ✓ Added p3plus to floppy group
[2025-10-20 02:02:17]   ✓ Added p3plus to mail group
[2025-10-20 02:02:18]   ✓ Added p3plus to news group
[2025-10-20 02:02:19]   ✓ Added p3plus to uucp group
[2025-10-20 02:02:20]   ✓ Added p3plus to man group
[2025-10-20 02:02:21]   ✓ Added p3plus to cron group
[2025-10-20 02:02:22]   ✓ Added p3plus to console group
[2025-10-20 02:02:23]   ✓ Added p3plus to audio group
[2025-10-20 02:02:24]   ✓ Added p3plus to cdrom group
[2025-10-20 02:02:25]   ✓ Added p3plus to dialout group
[2025-10-20 02:02:26]   ✓ Added p3plus to ftp group
[2025-10-20 02:02:27]   ✓ Added p3plus to sshd group
[2025-10-20 02:02:28]   ✓ Added p3plus to at group
[2025-10-20 02:02:29]   ✓ Added p3plus to tape group
[2025-10-20 02:02:30]   ✓ Added p3plus to video group
[2025-10-20 02:02:31]   ✓ Added p3plus to netdev group
[2025-10-20 02:02:32]   ✓ Added p3plus to readproc group
[2025-10-20 02:02:33]   ✓ Added p3plus to squid group
[2025-10-20 02:02:34]   ✓ Added p3plus to gdm group
[2025-10-20 02:02:35]   ✓ Added p3plus to xfs group
[2025-10-20 02:02:36]   ✓ Added p3plus to kvm group
[2025-10-20 02:02:37]   ✓ Added p3plus to games group
[2025-10-20 02:02:38]   ✓ Added p3plus to named group
[2025-10-20 02:02:39]   ✓ Added p3plus to mysql group
[2025-10-20 02:02:40]   ✓ Added p3plus to postgres group
[2025-10-20 02:02:41]   ✓ Added p3plus to cdrw group
[2025-10-20 02:02:42]   ✓ Added p3plus to apache group
[2025-10-20 02:02:43]   ✓ Added p3plus to nut group
[2025-10-20 02:02:44]   ✓ Added p3plus to usb group
[2025-10-20 02:02:45]   ✓ Added p3plus to avahi group
[2025-10-20 02:02:46]   ✓ Added p3plus to vpopmail group
[2025-10-20 02:02:47]   ✓ Added p3plus to users group
[2025-10-20 02:02:48]   ✓ Added p3plus to ntp group
[2025-10-20 02:02:49]   ✓ Added p3plus to nofiles group
[2025-10-20 02:02:50]   ✓ Added p3plus to qmail group
[2025-10-20 02:02:51]   ✓ Added p3plus to postfix group
[2025-10-20 02:02:52]   ✓ Added p3plus to postdrop group
[2025-10-20 02:02:53]   ✓ Added p3plus to smmsp group
[2025-10-20 02:02:54]   ✓ Added p3plus to slocate group
[2025-10-20 02:02:55]   ✓ Added p3plus to abuild group
[2025-10-20 02:02:56]   ✓ Added p3plus to utmp group
[2025-10-20 02:02:57]   ✓ Added p3plus to nogroup group
[2025-10-20 02:02:58]   ✓ Added p3plus to nobody group
[2025-10-20 02:02:58] Configuring sudo access for p3plus...
[2025-10-20 02:03:01] ✓ User p3plus configured with Fluxbox and D-Bus support
[2025-10-20 02:03:01] Note: To set password, run: chroot-distro command alpine 'passwd p3plus'
[2025-10-20 02:03:01] === Copying droid folder from SD card ===
[2025-10-20 02:03:02] Source: /storage/3454-7DC4/droid
[2025-10-20 02:03:02] Destination: /data/linuxdata/chroot-distro/alpine/home/p3plus/droid
[2025-10-20 02:03:02] Copying droid folder...
[2025-10-20 02:03:02] ✓ Successfully copied droid folder
[2025-10-20 02:03:02] Setting ownership of droid folder to p3plus...
[2025-10-20 02:03:03] ✓ Ownership set to p3plus
[2025-10-20 02:03:03] ✓ droid folder copied successfully (size: 79M)
[2025-10-20 02:03:03] === Running device nodes and permissions setup ===
[2025-10-20 02:03:03] Executing device nodes script from: /storage/3454-7DC4/dev-nodes.sh
[2025-10-20 02:03:03] Setting SD_MOUNT=/storage/3454-7DC4 and USER=p3plus
[2025-10-20 02:03:03] Executing device nodes setup (this may take a few minutes)...
Using busybox from /bin/busybox
=========================================
Device Permission Setup Script
Started: Mon Oct 20 02:03:04 EDT 2025
Log file: /data/dev-nodes-logs.log
Environment: Linux localhost 4.14.193 #1 SMP PREEMPT Tue Jul 4 17:03:59 HKT 2023 aarch64 GNU/Linux
Busybox: /bin/busybox
=========================================
Current user: p3plus
Setting up Alpine Linux groups...
Group root already exists
Group bin already exists
Group daemon already exists
Group sys already exists
Group adm already exists
Group tty already exists
Group disk already exists
Group lp already exists
Creating group: mem (GID: 8)
✓ Group mem created successfully
Group kmem already exists
Group wheel already exists
Group floppy already exists
Group mail already exists
Group news already exists
Group uucp already exists
Creating group: man (GID: 15)
✓ Group man created successfully
Group cron already exists
Creating group: console (GID: 17)
✓ Group console created successfully
Group audio already exists
Group cdrom already exists
Group dialout already exists
Group ftp already exists
Group sshd already exists
Creating group: at (GID: 25)
✓ Group at created successfully
Group tape already exists
Group video already exists
Group netdev already exists
Creating group: readproc (GID: 30)
✓ Group readproc created successfully
Creating group: squid (GID: 31)
✓ Group squid created successfully
Creating group: gdm (GID: 32)
✓ Group gdm created successfully
Creating group: xfs (GID: 33)
✓ Group xfs created successfully
Group kvm already exists
Group games already exists
Creating group: named (GID: 40)
✓ Group named created successfully
Creating group: mysql (GID: 60)
✓ Group mysql created successfully
Creating group: postgres (GID: 70)
✓ Group postgres created successfully
Creating group: cdrw (GID: 80)
✓ Group cdrw created successfully
Creating group: apache (GID: 81)
✓ Group apache created successfully
Creating group: nut (GID: 84)
✓ Group nut created successfully
Creating group: usb (GID: 85)
✓ Group usb created successfully
Creating group: avahi (GID: 86)
✓ Group avahi created successfully
Creating group: vpopmail (GID: 89)
✓ Group vpopmail created successfully
Group users already exists
Group ntp already exists
Creating group: nofiles (GID: 200)
✓ Group nofiles created successfully
Creating group: qmail (GID: 201)
✓ Group qmail created successfully
Creating group: postfix (GID: 207)
✓ Group postfix created successfully
Creating group: postdrop (GID: 208)
✓ Group postdrop created successfully
Creating group: smmsp (GID: 209)
✓ Group smmsp created successfully
Creating group: slocate (GID: 245)
✓ Group slocate created successfully
Group abuild already exists
Group utmp already exists
Group nogroup already exists
Group nobody already exists
Group input already exists
Creating group: bluetooth (GID: 3003)
✓ Group bluetooth created successfully
Creating group: graphics (GID: 1003)
✓ Group graphics created successfully
Creating group: log (GID: 1007)
✓ Group log created successfully
Creating group: mount (GID: 1009)
✓ Group mount created successfully
Creating group: wifi (GID: 1010)
✓ Group wifi created successfully
Creating group: install (GID: 1012)
✓ Group install created successfully
Creating group: dhcp (GID: 1014)
✓ Group dhcp created successfully
Creating group: media_rw (GID: 1023)
✓ Group media_rw created successfully
Creating group: mtp (GID: 1024)
✓ Group mtp created successfully
Creating group: drmrpc (GID: 1026)
✓ Group drmrpc created successfully
Creating group: shell (GID: 2000)
✓ Group shell created successfully
Creating group: cache (GID: 2001)
✓ Group cache created successfully
Creating group: diag (GID: 2002)
✓ Group diag created successfully
Setting up device permissions...
Device not found: /dev/loop0
Device not found: /dev/loop1
Device not found: /dev/loop2
Device not found: /dev/loop3
Device not found: /dev/loop4
Device not found: /dev/loop5
Device not found: /dev/loop6
Setting up: /dev/loop-control -> disk:666
  ✓ Permissions set to 666
  ✓ Group ownership set to disk
Setting up: /dev/ttyGS0 -> dialout:666
  ✓ Permissions set to 666
  ✓ Group ownership set to dialout
Setting up: /dev/ttyGS1 -> dialout:666
  ✓ Permissions set to 666
  ✓ Group ownership set to dialout
Setting up: /dev/ttyGS2 -> dialout:666
  ✓ Permissions set to 666
  ✓ Group ownership set to dialout
Setting up: /dev/ttyGS3 -> dialout:666
  ✓ Permissions set to 666
  ✓ Group ownership set to dialout
Setting up: /dev/ttyGS4 -> dialout:666
  ✓ Permissions set to 666
  ✓ Group ownership set to dialout
Setting up: /dev/ttyGS5 -> dialout:666
  ✓ Permissions set to 666
  ✓ Group ownership set to dialout
Setting up: /dev/ttyGS6 -> dialout:666
  ✓ Permissions set to 666
  ✓ Group ownership set to dialout
Setting up: /dev/ttyGS7 -> dialout:666
  ✓ Permissions set to 666
  ✓ Group ownership set to dialout
Device not found: /dev/ttyS0
Setting up: /dev/ttyS1 -> dialout:666
  ✓ Permissions set to 666
  ✓ Group ownership set to dialout
Setting up: /dev/ttyBT0 -> dialout:666
  ✓ Permissions set to 666
  ✓ Group ownership set to dialout
Setting up: /dev/ttyBT1 -> dialout:666
  ✓ Permissions set to 666
  ✓ Group ownership set to dialout
Setting up: /dev/tty -> tty:666
  ✓ Permissions set to 666
  ✓ Group ownership set to tty
Setting up: /dev/console -> tty:620
  ✓ Permissions set to 620
  ✓ Group ownership set to tty
Setting up: /dev/spipe_lte0 -> dialout:666
  ✓ Permissions set to 666
  ✓ Group ownership set to dialout
Setting up: /dev/spipe_lte1 -> dialout:666
  ✓ Permissions set to 666
  ✓ Group ownership set to dialout
Setting up: /dev/spipe_lte2 -> dialout:666
  ✓ Permissions set to 666
  ✓ Group ownership set to dialout
Setting up: /dev/spipe_lte3 -> dialout:666
  ✓ Permissions set to 666
  ✓ Group ownership set to dialout
Setting up: /dev/spipe_lte4 -> dialout:666
  ✓ Permissions set to 666
  ✓ Group ownership set to dialout
Setting up: /dev/spipe_lte5 -> dialout:666
  ✓ Permissions set to 666
  ✓ Group ownership set to dialout
Setting up: /dev/spipe_lte6 -> dialout:666
  ✓ Permissions set to 666
  ✓ Group ownership set to dialout
Setting up: /dev/spipe_lte7 -> dialout:666
  ✓ Permissions set to 666
  ✓ Group ownership set to dialout
Setting up: /dev/spipe_lte8 -> dialout:666
  ✓ Permissions set to 666
  ✓ Group ownership set to dialout
Setting up: /dev/spipe_lte9 -> dialout:666
  ✓ Permissions set to 666
  ✓ Group ownership set to dialout
Setting up: /dev/spipe_lte10 -> dialout:666
  ✓ Permissions set to 666
  ✓ Group ownership set to dialout
Setting up: /dev/spipe_lte11 -> dialout:666
  ✓ Permissions set to 666
  ✓ Group ownership set to dialout
Setting up: /dev/spipe_lte12 -> dialout:666
  ✓ Permissions set to 666
  ✓ Group ownership set to dialout
Setting up: /dev/spipe_lte13 -> dialout:666
  ✓ Permissions set to 666
  ✓ Group ownership set to dialout
Setting up: /dev/spipe_lte14 -> dialout:666
  ✓ Permissions set to 666
  ✓ Group ownership set to dialout
Setting up: /dev/stty_lte0 -> dialout:666
  ✓ Permissions set to 666
  ✓ Group ownership set to dialout
Setting up: /dev/stty_lte1 -> dialout:666
  ✓ Permissions set to 666
  ✓ Group ownership set to dialout
Setting up: /dev/stty_lte2 -> dialout:666
  ✓ Permissions set to 666
  ✓ Group ownership set to dialout
Setting up: /dev/stty_lte3 -> dialout:666
  ✓ Permissions set to 666
  ✓ Group ownership set to dialout
Setting up: /dev/stty_lte4 -> dialout:666
  ✓ Permissions set to 666
  ✓ Group ownership set to dialout
Setting up: /dev/stty_lte5 -> dialout:666
  ✓ Permissions set to 666
  ✓ Group ownership set to dialout
Setting up: /dev/stty_lte6 -> dialout:666
  ✓ Permissions set to 666
  ✓ Group ownership set to dialout
Setting up: /dev/stty_lte7 -> dialout:666
  ✓ Permissions set to 666
  ✓ Group ownership set to dialout
Setting up: /dev/stty_lte8 -> dialout:666
  ✓ Permissions set to 666
  ✓ Group ownership set to dialout
Setting up: /dev/stty_lte9 -> dialout:666
  ✓ Permissions set to 666
  ✓ Group ownership set to dialout
Setting up: /dev/stty_lte10 -> dialout:666
  ✓ Permissions set to 666
  ✓ Group ownership set to dialout
Setting up: /dev/stty_lte11 -> dialout:666
  ✓ Permissions set to 666
  ✓ Group ownership set to dialout
Setting up: /dev/stty_lte12 -> dialout:666
  ✓ Permissions set to 666
  ✓ Group ownership set to dialout
Setting up: /dev/stty_lte13 -> dialout:666
  ✓ Permissions set to 666
  ✓ Group ownership set to dialout
Setting up: /dev/stty_lte14 -> dialout:666
  ✓ Permissions set to 666
  ✓ Group ownership set to dialout
Setting up: /dev/stty_lte15 -> dialout:666
  ✓ Permissions set to 666
  ✓ Group ownership set to dialout
Setting up: /dev/stty_lte16 -> dialout:666
  ✓ Permissions set to 666
  ✓ Group ownership set to dialout
Setting up: /dev/stty_lte17 -> dialout:666
  ✓ Permissions set to 666
  ✓ Group ownership set to dialout
Setting up: /dev/stty_lte18 -> dialout:666
  ✓ Permissions set to 666
  ✓ Group ownership set to dialout
Setting up: /dev/stty_lte19 -> dialout:666
  ✓ Permissions set to 666
  ✓ Group ownership set to dialout
Setting up: /dev/stty_lte20 -> dialout:666
  ✓ Permissions set to 666
  ✓ Group ownership set to dialout
Setting up: /dev/stty_lte21 -> dialout:666
  ✓ Permissions set to 666
  ✓ Group ownership set to dialout
Setting up: /dev/stty_lte22 -> dialout:666
  ✓ Permissions set to 666
  ✓ Group ownership set to dialout
Setting up: /dev/stty_lte23 -> dialout:666
  ✓ Permissions set to 666
  ✓ Group ownership set to dialout
Setting up: /dev/stty_lte24 -> dialout:666
  ✓ Permissions set to 666
  ✓ Group ownership set to dialout
Setting up: /dev/stty_lte25 -> dialout:666
  ✓ Permissions set to 666
  ✓ Group ownership set to dialout
Setting up: /dev/stty_lte26 -> dialout:666
  ✓ Permissions set to 666
  ✓ Group ownership set to dialout
Setting up: /dev/stty_lte27 -> dialout:666
  ✓ Permissions set to 666
  ✓ Group ownership set to dialout
Setting up: /dev/stty_lte28 -> dialout:666
  ✓ Permissions set to 666
  ✓ Group ownership set to dialout
Setting up: /dev/stty_lte29 -> dialout:666
  ✓ Permissions set to 666
  ✓ Group ownership set to dialout
Setting up: /dev/stty_lte30 -> dialout:666
  ✓ Permissions set to 666
  ✓ Group ownership set to dialout
Setting up: /dev/stty_lte31 -> dialout:666
  ✓ Permissions set to 666
  ✓ Group ownership set to dialout
Setting up: /dev/sdiag_lte -> dialout:666
  ✓ Permissions set to 666
  ✓ Group ownership set to dialout
Setting up: /dev/usb_accessory -> usb:666
  ✓ Permissions set to 666
  ✓ Group ownership set to usb
Setting up: /dev/mtp_usb -> usb:666
  ✓ Permissions set to 666
  ✓ Group ownership set to usb
Setting up: /dev/vser -> dialout:666
  ✓ Permissions set to 666
  ✓ Group ownership set to dialout
Setting up: /dev/bus/usb/001/001 -> usb:666
  ✓ Permissions set to 666
  ✓ Group ownership set to usb
Setting up: /dev/stdin -> root:666
  ✓ Permissions set to 666
  ✓ Group ownership set to root
Setting up: /dev/stdout -> root:666
  ✓ Permissions set to 666
  ✓ Group ownership set to root
Setting up: /dev/stderr -> root:666
  ✓ Permissions set to 666
  ✓ Group ownership set to root
Setting up: /dev/null -> root:666
  ✓ Permissions set to 666
  ✓ Group ownership set to root
Setting up: /dev/zero -> root:666
  ✓ Permissions set to 666
  ✓ Group ownership set to root
Setting up: /dev/full -> root:666
  ✓ Permissions set to 666
  ✓ Group ownership set to root
Setting up: /dev/random -> root:666
  ✓ Permissions set to 666
  ✓ Group ownership set to root
Setting up: /dev/urandom -> root:666
  ✓ Permissions set to 666
  ✓ Group ownership set to root
Setting up: /dev/ppp -> netdev:666
  ✓ Permissions set to 666
  ✓ Group ownership set to netdev
Setting up: /dev/tun -> netdev:666
  ✓ Permissions set to 666
  ✓ Group ownership set to netdev
Setting up: /dev/rfkill -> netdev:666
  ✓ Permissions set to 666
  ✓ Group ownership set to netdev
Setting up: /dev/apipe-cmd-in -> audio:666
  ✓ Permissions set to 666
  ✓ Group ownership set to audio
Setting up: /dev/apipe-cmd-out -> audio:666
  ✓ Permissions set to 666
  ✓ Group ownership set to audio
Setting up: /dev/apipe-pcm -> audio:666
  ✓ Permissions set to 666
  ✓ Group ownership set to audio
Setting up: /dev/audio_pipe_effect -> audio:666
  ✓ Permissions set to 666
  ✓ Group ownership set to audio
Setting up: /dev/audio_pipe_bthal -> audio:666
  ✓ Permissions set to 666
  ✓ Group ownership set to audio
Setting up: /dev/audio_pipe_voice -> audio:666
  ✓ Permissions set to 666
  ✓ Group ownership set to audio
Setting up: /dev/audio_pipe_recordproc -> audio:666
  ✓ Permissions set to 666
  ✓ Group ownership set to audio
Setting up: /dev/snd/comprC0D4 -> audio:666
  ✓ Permissions set to 666
  ✓ Group ownership set to audio
Setting up: /dev/snd/pcmC0D15p -> audio:666
  ✓ Permissions set to 666
  ✓ Group ownership set to audio
Setting up: /dev/snd/pcmC0D10c -> audio:666
  ✓ Permissions set to 666
  ✓ Group ownership set to audio
Setting up: /dev/snd/pcmC0D49c -> audio:666
  ✓ Permissions set to 666
  ✓ Group ownership set to audio
Setting up: /dev/snd/pcmC0D6p -> audio:666
  ✓ Permissions set to 666
  ✓ Group ownership set to audio
Setting up: /dev/snd/comprC0D11 -> audio:666
  ✓ Permissions set to 666
  ✓ Group ownership set to audio
Setting up: /dev/snd/pcmC0D13c -> audio:666
  ✓ Permissions set to 666
  ✓ Group ownership set to audio
Setting up: /dev/snd/pcmC0D7p -> audio:666
  ✓ Permissions set to 666
  ✓ Group ownership set to audio
Setting up: /dev/snd/pcmC0D9c -> audio:666
  ✓ Permissions set to 666
  ✓ Group ownership set to audio
Setting up: /dev/snd/pcmC0D3p -> audio:666
  ✓ Permissions set to 666
  ✓ Group ownership set to audio
Setting up: /dev/snd/pcmC0D49p -> audio:666
  ✓ Permissions set to 666
  ✓ Group ownership set to audio
Setting up: /dev/snd/pcmC0D6c -> audio:666
  ✓ Permissions set to 666
  ✓ Group ownership set to audio
Setting up: /dev/snd/pcmC0D17c -> audio:666
  ✓ Permissions set to 666
  ✓ Group ownership set to audio
Setting up: /dev/snd/pcmC0D1p -> audio:666
  ✓ Permissions set to 666
  ✓ Group ownership set to audio
Setting up: /dev/snd/pcmC0D0c -> audio:666
  ✓ Permissions set to 666
  ✓ Group ownership set to audio
Setting up: /dev/snd/pcmC0D53p -> audio:666
  ✓ Permissions set to 666
  ✓ Group ownership set to audio
Setting up: /dev/snd/pcmC0D16c -> audio:666
  ✓ Permissions set to 666
  ✓ Group ownership set to audio
Setting up: /dev/snd/timer -> audio:666
  ✓ Permissions set to 666
  ✓ Group ownership set to audio
Setting up: /dev/snd/pcmC0D10p -> audio:666
  ✓ Permissions set to 666
  ✓ Group ownership set to audio
Setting up: /dev/snd/pcmC0D2c -> audio:666
  ✓ Permissions set to 666
  ✓ Group ownership set to audio
Setting up: /dev/snd/pcmC0D8c -> audio:666
  ✓ Permissions set to 666
  ✓ Group ownership set to audio
Setting up: /dev/snd/pcmC0D0p -> audio:666
  ✓ Permissions set to 666
  ✓ Group ownership set to audio
Setting up: /dev/snd/pcmC0D12p -> audio:666
  ✓ Permissions set to 666
  ✓ Group ownership set to audio
Setting up: /dev/snd/pcmC0D5c -> audio:666
  ✓ Permissions set to 666
  ✓ Group ownership set to audio
Setting up: /dev/snd/pcmC0D14c -> audio:666
  ✓ Permissions set to 666
  ✓ Group ownership set to audio
Setting up: /dev/snd/pcmC0D5p -> audio:666
  ✓ Permissions set to 666
  ✓ Group ownership set to audio
Setting up: /dev/snd/pcmC0D1c -> audio:666
  ✓ Permissions set to 666
  ✓ Group ownership set to audio
Setting up: /dev/snd/controlC0 -> audio:666
  ✓ Permissions set to 666
  ✓ Group ownership set to audio
Setting up: /dev/dri/card0 -> video:666
  ✓ Permissions set to 666
  ✓ Group ownership set to video
Setting up: /dev/mali0 -> video:666
  ✓ Permissions set to 666
  ✓ Group ownership set to video
Setting up: /dev/gsp -> video:666
  ✓ Permissions set to 666
  ✓ Group ownership set to video
Setting up: /dev/retrostation_hdmi -> video:666
  ✓ Permissions set to 666
  ✓ Group ownership set to video
Setting up: /dev/sprd_vsp -> video:666
  ✓ Permissions set to 666
  ✓ Group ownership set to video
Setting up: /dev/sprd_jpg -> video:666
  ✓ Permissions set to 666
  ✓ Group ownership set to video
Setting up: /dev/sprd_cpp -> video:666
  ✓ Permissions set to 666
  ✓ Group ownership set to video
Setting up: /dev/vdsp0 -> video:666
  ✓ Permissions set to 666
  ✓ Group ownership set to video
Setting up: /dev/video0 -> video:666
  ✓ Permissions set to 666
  ✓ Group ownership set to video
Setting up: /dev/video1 -> video:666
  ✓ Permissions set to 666
  ✓ Group ownership set to video
Setting up: /dev/video2 -> video:666
  ✓ Permissions set to 666
  ✓ Group ownership set to video
Setting up: /dev/video3 -> video:666
  ✓ Permissions set to 666
  ✓ Group ownership set to video
Setting up: /dev/video4 -> video:666
  ✓ Permissions set to 666
  ✓ Group ownership set to video
Setting up: /dev/video5 -> video:666
  ✓ Permissions set to 666
  ✓ Group ownership set to video
Setting up: /dev/video6 -> video:666
  ✓ Permissions set to 666
  ✓ Group ownership set to video
Setting up: /dev/video7 -> video:666
  ✓ Permissions set to 666
  ✓ Group ownership set to video
Setting up: /dev/video8 -> video:666
  ✓ Permissions set to 666
  ✓ Group ownership set to video
Setting up: /dev/video9 -> video:666
  ✓ Permissions set to 666
  ✓ Group ownership set to video
Setting up: /dev/video10 -> video:666
  ✓ Permissions set to 666
  ✓ Group ownership set to video
Setting up: /dev/video11 -> video:666
  ✓ Permissions set to 666
  ✓ Group ownership set to video
Setting up: /dev/video12 -> video:666
  ✓ Permissions set to 666
  ✓ Group ownership set to video
Setting up: /dev/video13 -> video:666
  ✓ Permissions set to 666
  ✓ Group ownership set to video
Setting up: /dev/video14 -> video:666
  ✓ Permissions set to 666
  ✓ Group ownership set to video
Setting up: /dev/video15 -> video:666
  ✓ Permissions set to 666
  ✓ Group ownership set to video
Setting up: /dev/media0 -> video:666
  ✓ Permissions set to 666
  ✓ Group ownership set to video
Setting up: /dev/media1 -> video:666
  ✓ Permissions set to 666
  ✓ Group ownership set to video
Setting up: /dev/media2 -> video:666
  ✓ Permissions set to 666
  ✓ Group ownership set to video
Setting up: /dev/media3 -> video:666
  ✓ Permissions set to 666
  ✓ Group ownership set to video
Setting up: /dev/v4l-subdev0 -> video:666
  ✓ Permissions set to 666
  ✓ Group ownership set to video
Setting up: /dev/v4l-subdev1 -> video:666
  ✓ Permissions set to 666
  ✓ Group ownership set to video
Setting up: /dev/v4l-subdev2 -> video:666
  ✓ Permissions set to 666
  ✓ Group ownership set to video
Setting up: /dev/v4l-subdev3 -> video:666
  ✓ Permissions set to 666
  ✓ Group ownership set to video
Setting up: /dev/v4l-subdev4 -> video:666
  ✓ Permissions set to 666
  ✓ Group ownership set to video
Setting up: /dev/v4l-subdev5 -> video:666
  ✓ Permissions set to 666
  ✓ Group ownership set to video
Setting up: /dev/v4l-subdev6 -> video:666
  ✓ Permissions set to 666
  ✓ Group ownership set to video
Setting up: /dev/v4l-subdev7 -> video:666
  ✓ Permissions set to 666
  ✓ Group ownership set to video
Setting up: /dev/input/event0 -> input:666
  ✓ Permissions set to 666
  ✓ Group ownership set to input
Setting up: /dev/input/event1 -> input:666
  ✓ Permissions set to 666
  ✓ Group ownership set to input
Setting up: /dev/input/event2 -> input:666
  ✓ Permissions set to 666
  ✓ Group ownership set to input
Setting up: /dev/input/event3 -> input:666
  ✓ Permissions set to 666
  ✓ Group ownership set to input
Setting up: /dev/input/event4 -> input:666
  ✓ Permissions set to 666
  ✓ Group ownership set to input
Setting up: /dev/input/mice -> input:666
  ✓ Permissions set to 666
  ✓ Group ownership set to input
Setting up: /dev/uinput -> input:666
  ✓ Permissions set to 666
  ✓ Group ownership set to input
Setting up: /dev/uhid -> input:666
  ✓ Permissions set to 666
  ✓ Group ownership set to input
Setting up: /dev/psaux -> input:666
  ✓ Permissions set to 666
  ✓ Group ownership set to input
Setting up: /dev/gpiochip0 -> sys:666
  ✓ Permissions set to 666
  ✓ Group ownership set to sys
Setting up: /dev/gpiochip1 -> sys:666
  ✓ Permissions set to 666
  ✓ Group ownership set to sys
Setting up: /dev/gpiochip2 -> sys:666
  ✓ Permissions set to 666
  ✓ Group ownership set to sys
Setting up: /dev/gpiochip3 -> sys:666
  ✓ Permissions set to 666
  ✓ Group ownership set to sys
Setting up: /dev/gpiochip4 -> sys:666
  ✓ Permissions set to 666
  ✓ Group ownership set to sys
Setting up: /dev/gpiochip5 -> sys:666
  ✓ Permissions set to 666
  ✓ Group ownership set to sys
Setting up: /dev/i2c-0 -> sys:666
  ✓ Permissions set to 666
  ✓ Group ownership set to sys
Setting up: /dev/i2c-1 -> sys:666
  ✓ Permissions set to 666
  ✓ Group ownership set to sys
Setting up: /dev/i2c-2 -> sys:666
  ✓ Permissions set to 666
  ✓ Group ownership set to sys
Setting up: /dev/i2c-3 -> sys:666
  ✓ Permissions set to 666
  ✓ Group ownership set to sys
Setting up: /dev/i2c-4 -> sys:666
  ✓ Permissions set to 666
  ✓ Group ownership set to sys
Setting up: /dev/i2c-5 -> sys:666
  ✓ Permissions set to 666
  ✓ Group ownership set to sys
Setting up: /dev/iio:device0 -> sys:666
  ✓ Permissions set to 666
  ✓ Group ownership set to sys
Setting up: /dev/iio:device1 -> sys:666
  ✓ Permissions set to 666
  ✓ Group ownership set to sys
Setting up: /dev/sprd_sensor -> sys:666
  ✓ Permissions set to 666
  ✓ Group ownership set to sys
Setting up: /dev/sprd_flash -> video:666
  ✓ Permissions set to 666
  ✓ Group ownership set to video
Setting up: /dev/rtc0 -> sys:666
  ✓ Permissions set to 666
  ✓ Group ownership set to sys
Setting up: /dev/ashmem -> mem:666
  ✓ Permissions set to 666
  ✓ Group ownership set to mem
Setting up devices matching pattern: /dev/ashmem*
Setting up: /dev/ashmem -> mem:666
  ✓ Permissions set to 666
  ✓ Group ownership set to mem
Setting up: /dev/ashmem2ac47c1a-d8e2-4921-a1f5-dd64cf941b68 -> mem:666
  ✓ Permissions set to 666
  ✓ Group ownership set to mem
Setting up: /dev/ion -> mem:666
  ✓ Permissions set to 666
  ✓ Group ownership set to mem
Setting up: /dev/wcn -> netdev:666
  ✓ Permissions set to 666
  ✓ Group ownership set to netdev
Setting up: /dev/wcn_op -> netdev:666
  ✓ Permissions set to 666
  ✓ Group ownership set to netdev
Setting up: /dev/fm -> netdev:666
  ✓ Permissions set to 666
  ✓ Group ownership set to netdev
Setting up: /dev/gnss_dbg -> sys:666
  ✓ Permissions set to 666
  ✓ Group ownership set to sys
Setting up: /dev/gnss_common_ctl -> sys:666
  ✓ Permissions set to 666
  ✓ Group ownership set to sys
Setting up: /dev/gnss_pmnotify_ctl -> sys:666
  ✓ Permissions set to 666
  ✓ Group ownership set to sys
Setting up: /dev/data0_gnss -> sys:666
  ✓ Permissions set to 666
  ✓ Group ownership set to sys
Setting up: /dev/rscom -> games:666
  ✓ Permissions set to 666
  ✓ Group ownership set to games
Setting up: /dev/rsinput -> games:666
  ✓ Permissions set to 666
  ✓ Group ownership set to games
Setting up: /dev/rstouch -> games:666
  ✓ Permissions set to 666
  ✓ Group ownership set to games
Setting up: /dev/slog_gnss -> adm:664
  ✓ Permissions set to 664
  ✓ Group ownership set to adm
Setting up: /dev/slog_pm -> adm:664
  ✓ Permissions set to 664
  ✓ Group ownership set to adm
Setting up: /dev/slog_lte -> adm:664
  ✓ Permissions set to 664
  ✓ Group ownership set to adm
Setting up: /dev/slog_wcn0 -> adm:664
  ✓ Permissions set to 664
  ✓ Group ownership set to adm
Setting up: /dev/slog_wcn1 -> adm:664
  ✓ Permissions set to 664
  ✓ Group ownership set to adm
Setting up: /dev/spipe_pm0 -> sys:666
  ✓ Permissions set to 666
  ✓ Group ownership set to sys
Setting up: /dev/spipe_pm1 -> sys:666
  ✓ Permissions set to 666
  ✓ Group ownership set to sys
Setting up: /dev/sctl_pm -> sys:666
  ✓ Permissions set to 666
  ✓ Group ownership set to sys
Setting up: /dev/cptl -> sys:666
  ✓ Permissions set to 666
  ✓ Group ownership set to sys
Setting up: /dev/sprd_uid -> sys:666
  ✓ Permissions set to 666
  ✓ Group ownership set to sys
Setting up: /dev/sprd_flash -> sys:666
  ✓ Permissions set to 666
  ✓ Group ownership set to sys
Setting up: /dev/autotest0 -> sys:666
  ✓ Permissions set to 666
  ✓ Group ownership set to sys
Setting up: /dev/map_user -> sys:666
  ✓ Permissions set to 666
  ✓ Group ownership set to sys
Setting up: /dev/network_throughput -> adm:664
  ✓ Permissions set to 664
  ✓ Group ownership set to adm
Setting up: /dev/network_latency -> adm:664
  ✓ Permissions set to 664
  ✓ Group ownership set to adm
Setting up: /dev/memory_bandwidth -> adm:664
  ✓ Permissions set to 664
  ✓ Group ownership set to adm
Setting up: /dev/cpu_dma_latency -> adm:664
  ✓ Permissions set to 664
  ✓ Group ownership set to adm
Setting up: /dev/cluster0_core_max -> adm:664
  ✓ Permissions set to 664
  ✓ Group ownership set to adm
Setting up: /dev/cluster0_core_min -> adm:664
  ✓ Permissions set to 664
  ✓ Group ownership set to adm
Setting up: /dev/cluster0_freq_max -> adm:664
  ✓ Permissions set to 664
  ✓ Group ownership set to adm
Setting up: /dev/cluster0_freq_min -> adm:664
  ✓ Permissions set to 664
  ✓ Group ownership set to adm
Setting up: /dev/cluster1_core_max -> adm:664
  ✓ Permissions set to 664
  ✓ Group ownership set to adm
Setting up: /dev/cluster1_core_min -> adm:664
  ✓ Permissions set to 664
  ✓ Group ownership set to adm
Setting up: /dev/cluster1_freq_max -> adm:664
  ✓ Permissions set to 664
  ✓ Group ownership set to adm
Setting up: /dev/cluster1_freq_min -> adm:664
  ✓ Permissions set to 664
  ✓ Group ownership set to adm
Setting up: /dev/tmc_etb -> adm:664
  ✓ Permissions set to 664
  ✓ Group ownership set to adm
Setting up: /dev/etf-3e003000 -> adm:664
  ✓ Permissions set to 664
  ✓ Group ownership set to adm
Setting up: /dev/etf-3e002000 -> adm:664
  ✓ Permissions set to 664
  ✓ Group ownership set to adm
Setting up: /dev/fuse -> users:666
  ✓ Permissions set to 666
  ✓ Group ownership set to users
Setting up: /dev/cuse -> users:666
  ✓ Permissions set to 666
  ✓ Group ownership set to users
Setting up: /dev/ptmx -> tty:666
  ✓ Permissions set to 666
  ✓ Group ownership set to tty
Setting up: /dev/kmsg -> adm:644
  ✓ Permissions set to 644
  ✓ Group ownership set to adm
Setting up: /dev/pmsg0 -> adm:664
  ✓ Permissions set to 664
  ✓ Group ownership set to adm
Setting up: /dev/device-mapper -> disk:640
  ✓ Permissions set to 640
  ✓ Group ownership set to disk
Setting up: /dev/trusty-ipc-dev0 -> sys:666
  ✓ Permissions set to 666
  ✓ Group ownership set to sys
Setting up: /dev/ndctl0 -> sys:666
  ✓ Permissions set to 666
  ✓ Group ownership set to sys
Setting up: /dev/pmic -> sys:666
  ✓ Permissions set to 666
  ✓ Group ownership set to sys
Setting up block devices...
Setting up: /dev/block/ram0 -> disk:666
  ✓ Permissions set to 666
  ✓ Group ownership set to disk
Setting up: /dev/block/ram1 -> disk:666
  ✓ Permissions set to 666
  ✓ Group ownership set to disk
Setting up: /dev/block/ram2 -> disk:666
  ✓ Permissions set to 666
  ✓ Group ownership set to disk
Setting up: /dev/block/ram3 -> disk:666
  ✓ Permissions set to 666
  ✓ Group ownership set to disk
Setting up: /dev/block/ram4 -> disk:666
  ✓ Permissions set to 666
  ✓ Group ownership set to disk
Setting up: /dev/block/ram5 -> disk:666
  ✓ Permissions set to 666
  ✓ Group ownership set to disk
Setting up: /dev/block/ram6 -> disk:666
  ✓ Permissions set to 666
  ✓ Group ownership set to disk
Setting up: /dev/block/ram7 -> disk:666
  ✓ Permissions set to 666
  ✓ Group ownership set to disk
Setting up: /dev/block/ram8 -> disk:666
  ✓ Permissions set to 666
  ✓ Group ownership set to disk
Setting up: /dev/block/ram9 -> disk:666
  ✓ Permissions set to 666
  ✓ Group ownership set to disk
Setting up: /dev/block/ram10 -> disk:666
  ✓ Permissions set to 666
  ✓ Group ownership set to disk
Setting up: /dev/block/ram11 -> disk:666
  ✓ Permissions set to 666
  ✓ Group ownership set to disk
Setting up: /dev/block/ram12 -> disk:666
  ✓ Permissions set to 666
  ✓ Group ownership set to disk
Setting up: /dev/block/ram13 -> disk:666
  ✓ Permissions set to 666
  ✓ Group ownership set to disk
Setting up: /dev/block/ram14 -> disk:666
  ✓ Permissions set to 666
  ✓ Group ownership set to disk
Setting up: /dev/block/ram15 -> disk:666
  ✓ Permissions set to 666
  ✓ Group ownership set to disk
Setting up: /dev/block/loop0 -> disk:666
  ✓ Permissions set to 666
  ✓ Group ownership set to disk
Setting up: /dev/block/loop1 -> disk:666
  ✓ Permissions set to 666
  ✓ Group ownership set to disk
Setting up: /dev/block/loop2 -> disk:666
  ✓ Permissions set to 666
  ✓ Group ownership set to disk
Setting up: /dev/block/loop3 -> disk:666
  ✓ Permissions set to 666
  ✓ Group ownership set to disk
Setting up: /dev/block/loop4 -> disk:666
  ✓ Permissions set to 666
  ✓ Group ownership set to disk
Setting up: /dev/block/loop5 -> disk:666
  ✓ Permissions set to 666
  ✓ Group ownership set to disk
Setting up: /dev/block/loop6 -> disk:666
  ✓ Permissions set to 666
  ✓ Group ownership set to disk
Setting up: /dev/block/loop7 -> disk:666
  ✓ Permissions set to 666
  ✓ Group ownership set to disk
Setting up: /dev/block/loop8 -> disk:666
  ✓ Permissions set to 666
  ✓ Group ownership set to disk
Setting up: /dev/block/loop9 -> disk:666
  ✓ Permissions set to 666
  ✓ Group ownership set to disk
Setting up: /dev/block/loop10 -> disk:666
  ✓ Permissions set to 666
  ✓ Group ownership set to disk
Setting up: /dev/block/loop11 -> disk:666
  ✓ Permissions set to 666
  ✓ Group ownership set to disk
Setting up: /dev/block/loop12 -> disk:666
  ✓ Permissions set to 666
  ✓ Group ownership set to disk
Setting up: /dev/block/loop13 -> disk:666
  ✓ Permissions set to 666
  ✓ Group ownership set to disk
Setting up: /dev/block/loop14 -> disk:666
  ✓ Permissions set to 666
  ✓ Group ownership set to disk
Setting up: /dev/block/loop15 -> disk:666
  ✓ Permissions set to 666
  ✓ Group ownership set to disk
Setting up: /dev/block/mmcblk0 -> disk:640
  ✓ Permissions set to 640
  ✓ Group ownership set to disk
Setting up: /dev/block/mmcblk0boot0 -> disk:640
  ✓ Permissions set to 640
  ✓ Group ownership set to disk
Setting up: /dev/block/mmcblk0boot1 -> disk:640
  ✓ Permissions set to 640
  ✓ Group ownership set to disk
Device not found: /dev/block/mmcblk0rpmb
Setting up: /dev/block/mmcblk1 -> disk:666
  ✓ Permissions set to 666
  ✓ Group ownership set to disk
Setting up: /dev/block/mmcblk1p1 -> disk:666
  ✓ Permissions set to 666
  ✓ Group ownership set to disk
Setting up: /dev/block/mmcblk0p1 -> disk:666
  ✓ Permissions set to 666
  ✓ Group ownership set to disk
Setting up: /dev/block/mmcblk0p2 -> disk:666
  ✓ Permissions set to 666
  ✓ Group ownership set to disk
Setting up: /dev/block/mmcblk0p3 -> disk:666
  ✓ Permissions set to 666
  ✓ Group ownership set to disk
Setting up: /dev/block/mmcblk0p4 -> disk:666
  ✓ Permissions set to 666
  ✓ Group ownership set to disk
Setting up: /dev/block/mmcblk0p5 -> disk:666
  ✓ Permissions set to 666
  ✓ Group ownership set to disk
Setting up: /dev/block/mmcblk0p6 -> disk:666
  ✓ Permissions set to 666
  ✓ Group ownership set to disk
Setting up: /dev/block/mmcblk0p7 -> disk:666
  ✓ Permissions set to 666
  ✓ Group ownership set to disk
Setting up: /dev/block/mmcblk0p8 -> disk:666
  ✓ Permissions set to 666
  ✓ Group ownership set to disk
Setting up: /dev/block/mmcblk0p9 -> disk:666
  ✓ Permissions set to 666
  ✓ Group ownership set to disk
Setting up: /dev/block/mmcblk0p10 -> disk:666
  ✓ Permissions set to 666
  ✓ Group ownership set to disk
Setting up: /dev/block/mmcblk0p11 -> disk:666
  ✓ Permissions set to 666
  ✓ Group ownership set to disk
Setting up: /dev/block/mmcblk0p12 -> disk:666
  ✓ Permissions set to 666
  ✓ Group ownership set to disk
Setting up: /dev/block/mmcblk0p13 -> disk:666
  ✓ Permissions set to 666
  ✓ Group ownership set to disk
Setting up: /dev/block/mmcblk0p14 -> disk:666
  ✓ Permissions set to 666
  ✓ Group ownership set to disk
Setting up: /dev/block/mmcblk0p15 -> disk:666
  ✓ Permissions set to 666
  ✓ Group ownership set to disk
Setting up: /dev/block/mmcblk0p16 -> disk:666
  ✓ Permissions set to 666
  ✓ Group ownership set to disk
Setting up: /dev/block/mmcblk0p17 -> disk:666
  ✓ Permissions set to 666
  ✓ Group ownership set to disk
Setting up: /dev/block/mmcblk0p18 -> disk:666
  ✓ Permissions set to 666
  ✓ Group ownership set to disk
Setting up: /dev/block/mmcblk0p19 -> disk:666
  ✓ Permissions set to 666
  ✓ Group ownership set to disk
Setting up: /dev/block/mmcblk0p20 -> disk:666
  ✓ Permissions set to 666
  ✓ Group ownership set to disk
Setting up: /dev/block/mmcblk0p21 -> disk:666
  ✓ Permissions set to 666
  ✓ Group ownership set to disk
Setting up: /dev/block/mmcblk0p22 -> disk:666
  ✓ Permissions set to 666
  ✓ Group ownership set to disk
Setting up: /dev/block/mmcblk0p23 -> disk:666
  ✓ Permissions set to 666
  ✓ Group ownership set to disk
Setting up: /dev/block/mmcblk0p24 -> disk:666
  ✓ Permissions set to 666
  ✓ Group ownership set to disk
Setting up: /dev/block/mmcblk0p25 -> disk:666
  ✓ Permissions set to 666
  ✓ Group ownership set to disk
Setting up: /dev/block/mmcblk0p26 -> disk:666
  ✓ Permissions set to 666
  ✓ Group ownership set to disk
Setting up: /dev/block/mmcblk0p27 -> disk:666
  ✓ Permissions set to 666
  ✓ Group ownership set to disk
Setting up: /dev/block/mmcblk0p28 -> disk:666
  ✓ Permissions set to 666
  ✓ Group ownership set to disk
Setting up: /dev/block/mmcblk0p29 -> disk:666
  ✓ Permissions set to 666
  ✓ Group ownership set to disk
Setting up: /dev/block/mmcblk0p30 -> disk:666
  ✓ Permissions set to 666
  ✓ Group ownership set to disk
Setting up: /dev/block/mmcblk0p31 -> disk:666
  ✓ Permissions set to 666
  ✓ Group ownership set to disk
Setting up: /dev/block/mmcblk0p32 -> disk:666
  ✓ Permissions set to 666
  ✓ Group ownership set to disk
Setting up: /dev/block/mmcblk0p33 -> disk:666
  ✓ Permissions set to 666
  ✓ Group ownership set to disk
Setting up: /dev/block/mmcblk0p34 -> disk:666
  ✓ Permissions set to 666
  ✓ Group ownership set to disk
Setting up: /dev/block/mmcblk0p35 -> disk:666
  ✓ Permissions set to 666
  ✓ Group ownership set to disk
Setting up: /dev/block/mmcblk0p36 -> disk:666
  ✓ Permissions set to 666
  ✓ Group ownership set to disk
Setting up: /dev/block/mmcblk0p37 -> disk:666
  ✓ Permissions set to 666
  ✓ Group ownership set to disk
Setting up: /dev/block/mmcblk0p38 -> disk:666
  ✓ Permissions set to 666
  ✓ Group ownership set to disk
Setting up: /dev/block/mmcblk0p39 -> disk:666
  ✓ Permissions set to 666
  ✓ Group ownership set to disk
Setting up: /dev/block/mmcblk0p40 -> disk:666
  ✓ Permissions set to 666
  ✓ Group ownership set to disk
Setting up: /dev/block/mmcblk0p41 -> disk:666
  ✓ Permissions set to 666
  ✓ Group ownership set to disk
Setting up: /dev/block/mmcblk0p42 -> disk:666
  ✓ Permissions set to 666
  ✓ Group ownership set to disk
Setting up: /dev/block/mmcblk0p43 -> disk:666
  ✓ Permissions set to 666
  ✓ Group ownership set to disk
Setting up: /dev/block/mmcblk0p44 -> disk:666
  ✓ Permissions set to 666
  ✓ Group ownership set to disk
Setting up: /dev/block/mmcblk0p45 -> disk:666
  ✓ Permissions set to 666
  ✓ Group ownership set to disk
Setting up: /dev/block/mmcblk0p46 -> disk:666
  ✓ Permissions set to 666
  ✓ Group ownership set to disk
Setting up: /dev/block/mmcblk0p47 -> disk:666
  ✓ Permissions set to 666
  ✓ Group ownership set to disk
Setting up: /dev/block/mmcblk0p48 -> disk:666
  ✓ Permissions set to 666
  ✓ Group ownership set to disk
Setting up: /dev/block/mmcblk0p49 -> disk:666
  ✓ Permissions set to 666
  ✓ Group ownership set to disk
Setting up: /dev/block/mmcblk0p50 -> disk:666
  ✓ Permissions set to 666
  ✓ Group ownership set to disk
Setting up: /dev/block/mmcblk0p51 -> disk:666
  ✓ Permissions set to 666
  ✓ Group ownership set to disk
Setting up: /dev/block/mmcblk0p52 -> disk:666
  ✓ Permissions set to 666
  ✓ Group ownership set to disk
Setting up: /dev/block/mmcblk0p53 -> disk:666
  ✓ Permissions set to 666
  ✓ Group ownership set to disk
Setting up: /dev/block/mmcblk0p54 -> disk:666
  ✓ Permissions set to 666
  ✓ Group ownership set to disk
Setting up: /dev/block/mmcblk0p55 -> disk:666
  ✓ Permissions set to 666
  ✓ Group ownership set to disk
Setting up: /dev/block/mmcblk0p56 -> disk:666
  ✓ Permissions set to 666
  ✓ Group ownership set to disk
Setting up: /dev/block/mmcblk0p57 -> disk:666
  ✓ Permissions set to 666
  ✓ Group ownership set to disk
Setting up: /dev/block/mmcblk0p58 -> disk:666
  ✓ Permissions set to 666
  ✓ Group ownership set to disk
Setting up: /dev/block/mmcblk0p59 -> disk:666
  ✓ Permissions set to 666
  ✓ Group ownership set to disk
Setting up: /dev/block/mmcblk0p60 -> disk:666
  ✓ Permissions set to 666
  ✓ Group ownership set to disk
Setting up: /dev/block/mmcblk0p61 -> disk:666
  ✓ Permissions set to 666
  ✓ Group ownership set to disk
Setting up: /dev/block/mmcblk0p62 -> disk:666
  ✓ Permissions set to 666
  ✓ Group ownership set to disk
Setting up: /dev/block/mmcblk0p63 -> disk:666
  ✓ Permissions set to 666
  ✓ Group ownership set to disk
Setting up: /dev/block/mmcblk0p64 -> disk:666
  ✓ Permissions set to 666
  ✓ Group ownership set to disk
Setting up: /dev/block/mmcblk0p65 -> disk:666
  ✓ Permissions set to 666
  ✓ Group ownership set to disk
Setting up: /dev/block/mmcblk0p66 -> disk:666
  ✓ Permissions set to 666
  ✓ Group ownership set to disk
Setting up: /dev/block/mmcblk0p67 -> disk:666
  ✓ Permissions set to 666
  ✓ Group ownership set to disk
Setting up: /dev/block/mmcblk0p68 -> disk:666
  ✓ Permissions set to 666
  ✓ Group ownership set to disk
Setting up: /dev/block/mmcblk0p69 -> disk:666
  ✓ Permissions set to 666
  ✓ Group ownership set to disk
Setting up: /dev/block/mmcblk0p70 -> disk:666
  ✓ Permissions set to 666
  ✓ Group ownership set to disk
Setting up: /dev/block/mmcblk0p71 -> disk:666
  ✓ Permissions set to 666
  ✓ Group ownership set to disk
Setting up: /dev/block/mmcblk0p72 -> disk:666
  ✓ Permissions set to 666
  ✓ Group ownership set to disk
Setting up: /dev/block/mmcblk0p73 -> disk:666
  ✓ Permissions set to 666
  ✓ Group ownership set to disk
Setting up: /dev/block/mmcblk0p74 -> disk:666
  ✓ Permissions set to 666
  ✓ Group ownership set to disk
Setting up: /dev/block/mmcblk0p75 -> disk:666
  ✓ Permissions set to 666
  ✓ Group ownership set to disk
Setting up: /dev/block/mmcblk0p76 -> disk:666
  ✓ Permissions set to 666
  ✓ Group ownership set to disk
Setting up: /dev/block/pmem0 -> disk:666
  ✓ Permissions set to 666
  ✓ Group ownership set to disk
Setting up: /dev/block/zram0 -> disk:666
  ✓ Permissions set to 666
  ✓ Group ownership set to disk
Setting up by-name partition symlinks...
Setting up: /dev/block/by-name/boot_a -> disk:640
  ✓ Permissions set to 640
  ✓ Group ownership set to disk
Setting up: /dev/block/by-name/boot_b -> disk:640
  ✓ Permissions set to 640
  ✓ Group ownership set to disk
Setting up: /dev/block/by-name/vendor_boot_a -> disk:640
  ✓ Permissions set to 640
  ✓ Group ownership set to disk
Setting up: /dev/block/by-name/vendor_boot_b -> disk:640
  ✓ Permissions set to 640
  ✓ Group ownership set to disk
Setting up: /dev/block/by-name/userdata -> disk:660
  ✓ Permissions set to 660
  ✓ Group ownership set to disk
Setting up: /dev/block/by-name/cache -> disk:666
  ✓ Permissions set to 666
  ✓ Group ownership set to disk
Setting up: /dev/block/by-name/socko_a -> disk:666
  ✓ Permissions set to 666
  ✓ Group ownership set to disk
Setting up: /dev/block/by-name/socko_b -> disk:666
  ✓ Permissions set to 666
  ✓ Group ownership set to disk
Setting up: /dev/block/by-name/miscdata -> disk:666
  ✓ Permissions set to 666
  ✓ Group ownership set to disk
Setting up: /dev/block/by-name/trustos_a -> disk:666
  ✓ Permissions set to 666
  ✓ Group ownership set to disk
Setting up: /dev/block/by-name/trustos_b -> disk:666
  ✓ Permissions set to 666
  ✓ Group ownership set to disk
Setting up: /dev/block/by-name/vbmeta_vendor_a -> disk:666
  ✓ Permissions set to 666
  ✓ Group ownership set to disk
Setting up: /dev/block/by-name/vbmeta_vendor_b -> disk:666
  ✓ Permissions set to 666
  ✓ Group ownership set to disk
Setting up: /dev/block/by-name/vbmeta_a -> disk:666
  ✓ Permissions set to 666
  ✓ Group ownership set to disk
Setting up: /dev/block/by-name/vbmeta_b -> disk:666
  ✓ Permissions set to 666
  ✓ Group ownership set to disk
Setting up: /dev/block/by-name/odmko_a -> disk:666
  ✓ Permissions set to 666
  ✓ Group ownership set to disk
Setting up: /dev/block/by-name/odmko_b -> disk:666
  ✓ Permissions set to 666
  ✓ Group ownership set to disk
Setting up: /dev/block/by-name/vbmeta_system_ext_a -> disk:666
  ✓ Permissions set to 666
  ✓ Group ownership set to disk
Setting up: /dev/block/by-name/vbmeta_system_ext_b -> disk:666
  ✓ Permissions set to 666
  ✓ Group ownership set to disk
Setting up: /dev/block/by-name/uboot_a -> disk:666
  ✓ Permissions set to 666
  ✓ Group ownership set to disk
Setting up: /dev/block/by-name/uboot_b -> disk:666
  ✓ Permissions set to 666
  ✓ Group ownership set to disk
Setting up: /dev/block/by-name/mmcblk0boot1 -> disk:666
  ✓ Permissions set to 666
  ✓ Group ownership set to disk
Setting up: /dev/block/by-name/mmcblk0boot0 -> disk:666
  ✓ Permissions set to 666
  ✓ Group ownership set to disk
Setting up: /dev/block/by-name/avbmeta_rs_a -> disk:666
  ✓ Permissions set to 666
  ✓ Group ownership set to disk
Setting up: /dev/block/by-name/avbmeta_rs_b -> disk:666
  ✓ Permissions set to 666
  ✓ Group ownership set to disk
Setting up: /dev/block/by-name/common_rs1_a -> disk:666
  ✓ Permissions set to 666
  ✓ Group ownership set to disk
Setting up: /dev/block/by-name/common_rs1_b -> disk:666
  ✓ Permissions set to 666
  ✓ Group ownership set to disk
Setting up: /dev/block/by-name/l_agdsp_a -> disk:666
  ✓ Permissions set to 666
  ✓ Group ownership set to disk
Setting up: /dev/block/by-name/l_agdsp_b -> disk:666
  ✓ Permissions set to 666
  ✓ Group ownership set to disk
Setting up: /dev/block/by-name/metadata -> disk:666
  ✓ Permissions set to 666
  ✓ Group ownership set to disk
Setting up: /dev/block/by-name/common_rs2_a -> disk:666
  ✓ Permissions set to 666
  ✓ Group ownership set to disk
Setting up: /dev/block/by-name/common_rs2_b -> disk:666
  ✓ Permissions set to 666
  ✓ Group ownership set to disk
Setting up: /dev/block/by-name/l_gdsp_a -> disk:666
  ✓ Permissions set to 666
  ✓ Group ownership set to disk
Setting up: /dev/block/by-name/l_gdsp_b -> disk:666
  ✓ Permissions set to 666
  ✓ Group ownership set to disk
Setting up: /dev/block/by-name/l_cdsp_a -> disk:666
  ✓ Permissions set to 666
  ✓ Group ownership set to disk
Setting up: /dev/block/by-name/l_cdsp_b -> disk:666
  ✓ Permissions set to 666
  ✓ Group ownership set to disk
Setting up: /dev/block/by-name/prodnv -> disk:666
  ✓ Permissions set to 666
  ✓ Group ownership set to disk
Setting up: /dev/block/by-name/pm_sys_a -> disk:666
  ✓ Permissions set to 666
  ✓ Group ownership set to disk
Setting up: /dev/block/by-name/pm_sys_b -> disk:666
  ✓ Permissions set to 666
  ✓ Group ownership set to disk
Setting up: /dev/block/by-name/teecfg_a -> disk:666
  ✓ Permissions set to 666
  ✓ Group ownership set to disk
Setting up: /dev/block/by-name/teecfg_b -> disk:666
  ✓ Permissions set to 666
  ✓ Group ownership set to disk
Setting up: /dev/block/by-name/vbmeta_product_a -> disk:666
  ✓ Permissions set to 666
  ✓ Group ownership set to disk
Setting up: /dev/block/by-name/vbmeta_product_b -> disk:666
  ✓ Permissions set to 666
  ✓ Group ownership set to disk
Setting up: /dev/block/by-name/logo -> disk:666
  ✓ Permissions set to 666
  ✓ Group ownership set to disk
Setting up: /dev/block/by-name/misc -> disk:666
  ✓ Permissions set to 666
  ✓ Group ownership set to disk
Setting up: /dev/block/by-name/wcnmodem_a -> disk:666
  ✓ Permissions set to 666
  ✓ Group ownership set to disk
Setting up: /dev/block/by-name/wcnmodem_b -> disk:666
  ✓ Permissions set to 666
  ✓ Group ownership set to disk
Setting up: /dev/block/by-name/l_ldsp_b -> disk:666
  ✓ Permissions set to 666
  ✓ Group ownership set to disk
Setting up: /dev/block/by-name/l_ldsp_a -> disk:666
  ✓ Permissions set to 666
  ✓ Group ownership set to disk
Setting up: /dev/block/by-name/vbmeta_system_b -> disk:666
  ✓ Permissions set to 666
  ✓ Group ownership set to disk
Setting up: /dev/block/by-name/vbmeta_system_a -> disk:666
  ✓ Permissions set to 666
  ✓ Group ownership set to disk
Setting up: /dev/block/by-name/l_fixnv2_a -> disk:666
  ✓ Permissions set to 666
  ✓ Group ownership set to disk
Setting up: /dev/block/by-name/l_fixnv2_b -> disk:666
  ✓ Permissions set to 666
  ✓ Group ownership set to disk
Setting up: /dev/block/by-name/l_modem_a -> disk:666
  ✓ Permissions set to 666
  ✓ Group ownership set to disk
Setting up: /dev/block/by-name/l_modem_b -> disk:666
  ✓ Permissions set to 666
  ✓ Group ownership set to disk
Setting up: /dev/block/by-name/l_deltanv_a -> disk:666
  ✓ Permissions set to 666
  ✓ Group ownership set to disk
Setting up: /dev/block/by-name/l_deltanv_b -> disk:666
  ✓ Permissions set to 666
  ✓ Group ownership set to disk
Setting up: /dev/block/by-name/l_runtimenv2 -> disk:666
  ✓ Permissions set to 666
  ✓ Group ownership set to disk
Setting up: /dev/block/by-name/l_runtimenv1 -> disk:666
  ✓ Permissions set to 666
  ✓ Group ownership set to disk
Setting up: /dev/block/by-name/sml_a -> disk:666
  ✓ Permissions set to 666
  ✓ Group ownership set to disk
Setting up: /dev/block/by-name/sml_b -> disk:666
  ✓ Permissions set to 666
  ✓ Group ownership set to disk
Setting up: /dev/block/by-name/vbmeta_odm_a -> disk:666
  ✓ Permissions set to 666
  ✓ Group ownership set to disk
Setting up: /dev/block/by-name/vbmeta_odm_b -> disk:666
  ✓ Permissions set to 666
  ✓ Group ownership set to disk
Setting up: /dev/block/by-name/gnssmodem_a -> disk:666
  ✓ Permissions set to 666
  ✓ Group ownership set to disk
Setting up: /dev/block/by-name/gnssmodem_b -> disk:666
  ✓ Permissions set to 666
  ✓ Group ownership set to disk
Setting up: /dev/block/by-name/persist -> disk:666
  ✓ Permissions set to 666
  ✓ Group ownership set to disk
Setting up: /dev/block/by-name/sysdumpdb -> disk:666
  ✓ Permissions set to 666
  ✓ Group ownership set to disk
Setting up: /dev/block/by-name/dtbo_a -> disk:666
  ✓ Permissions set to 666
  ✓ Group ownership set to disk
Setting up: /dev/block/by-name/dtbo_b -> disk:666
  ✓ Permissions set to 666
  ✓ Group ownership set to disk
Setting up: /dev/block/by-name/l_fixnv1_a -> disk:666
  ✓ Permissions set to 666
  ✓ Group ownership set to disk
Setting up: /dev/block/by-name/l_fixnv1_b -> disk:666
  ✓ Permissions set to 666
  ✓ Group ownership set to disk
Setting up: /dev/block/by-name/dtb_a -> disk:666
  ✓ Permissions set to 666
  ✓ Group ownership set to disk
Setting up: /dev/block/by-name/dtb_b -> disk:666
  ✓ Permissions set to 666
  ✓ Group ownership set to disk
Setting up: /dev/block/by-name/hypervsior_b -> disk:666
  ✓ Permissions set to 666
  ✓ Group ownership set to disk
Setting up: /dev/block/by-name/hypervsior_a -> disk:666
  ✓ Permissions set to 666
  ✓ Group ownership set to disk
Setting up: /dev/block/by-name/super -> disk:666
  ✓ Permissions set to 666
  ✓ Group ownership set to disk
Setting up: /dev/block/by-name/uboot_log -> disk:666
  ✓ Permissions set to 666
  ✓ Group ownership set to disk
Setting up: /dev/block/by-name/fbootlogo -> disk:666
  ✓ Permissions set to 666
  ✓ Group ownership set to disk
Setting up: /dev/block/by-name/mmcblk0 -> disk:666
  ✓ Permissions set to 666
  ✓ Group ownership set to disk
Setting up platform-specific device paths...
Setting up: /dev/block/platform/soc/soc:ap-apb/71400000.sdio/mmcblk0p1 -> disk:666
  ✓ Permissions set to 666
  ✓ Group ownership set to disk
Setting up: /dev/block/platform/soc/soc:ap-apb/71400000.sdio/mmcblk0p2 -> disk:666
  ✓ Permissions set to 666
  ✓ Group ownership set to disk
Setting up: /dev/block/platform/soc/soc:ap-apb/71400000.sdio/mmcblk0p3 -> disk:666
  ✓ Permissions set to 666
  ✓ Group ownership set to disk
Setting up: /dev/block/platform/soc/soc:ap-apb/71400000.sdio/mmcblk0p4 -> disk:666
  ✓ Permissions set to 666
  ✓ Group ownership set to disk
Setting up: /dev/block/platform/soc/soc:ap-apb/71400000.sdio/mmcblk0p5 -> disk:666
  ✓ Permissions set to 666
  ✓ Group ownership set to disk
Setting up: /dev/block/platform/soc/soc:ap-apb/71400000.sdio/mmcblk0p6 -> disk:666
  ✓ Permissions set to 666
  ✓ Group ownership set to disk
Setting up: /dev/block/platform/soc/soc:ap-apb/71400000.sdio/mmcblk0p7 -> disk:666
  ✓ Permissions set to 666
  ✓ Group ownership set to disk
Setting up: /dev/block/platform/soc/soc:ap-apb/71400000.sdio/mmcblk0p8 -> disk:666
  ✓ Permissions set to 666
  ✓ Group ownership set to disk
Setting up: /dev/block/platform/soc/soc:ap-apb/71400000.sdio/mmcblk0p9 -> disk:666
  ✓ Permissions set to 666
  ✓ Group ownership set to disk
Setting up: /dev/block/platform/soc/soc:ap-apb/71400000.sdio/mmcblk0p10 -> disk:666
  ✓ Permissions set to 666
  ✓ Group ownership set to disk
Setting up: /dev/block/platform/soc/soc:ap-apb/71400000.sdio/mmcblk0p11 -> disk:666
  ✓ Permissions set to 666
  ✓ Group ownership set to disk
Setting up: /dev/block/platform/soc/soc:ap-apb/71400000.sdio/mmcblk0p12 -> disk:666
  ✓ Permissions set to 666
  ✓ Group ownership set to disk
Setting up: /dev/block/platform/soc/soc:ap-apb/71400000.sdio/mmcblk0p13 -> disk:666
  ✓ Permissions set to 666
  ✓ Group ownership set to disk
Setting up: /dev/block/platform/soc/soc:ap-apb/71400000.sdio/mmcblk0p14 -> disk:666
  ✓ Permissions set to 666
  ✓ Group ownership set to disk
Setting up: /dev/block/platform/soc/soc:ap-apb/71400000.sdio/mmcblk0p15 -> disk:666
  ✓ Permissions set to 666
  ✓ Group ownership set to disk
Setting up: /dev/block/platform/soc/soc:ap-apb/71400000.sdio/mmcblk0p16 -> disk:666
  ✓ Permissions set to 666
  ✓ Group ownership set to disk
Setting up: /dev/block/platform/soc/soc:ap-apb/71400000.sdio/mmcblk0p17 -> disk:666
  ✓ Permissions set to 666
  ✓ Group ownership set to disk
Setting up: /dev/block/platform/soc/soc:ap-apb/71400000.sdio/mmcblk0p18 -> disk:666
  ✓ Permissions set to 666
  ✓ Group ownership set to disk
Setting up: /dev/block/platform/soc/soc:ap-apb/71400000.sdio/mmcblk0p19 -> disk:666
  ✓ Permissions set to 666
  ✓ Group ownership set to disk
Setting up: /dev/block/platform/soc/soc:ap-apb/71400000.sdio/mmcblk0p20 -> disk:666
  ✓ Permissions set to 666
  ✓ Group ownership set to disk
Setting up: /dev/block/platform/soc/soc:ap-apb/71400000.sdio/mmcblk0p21 -> disk:666
  ✓ Permissions set to 666
  ✓ Group ownership set to disk
Setting up: /dev/block/platform/soc/soc:ap-apb/71400000.sdio/mmcblk0p22 -> disk:666
  ✓ Permissions set to 666
  ✓ Group ownership set to disk
Setting up: /dev/block/platform/soc/soc:ap-apb/71400000.sdio/mmcblk0p23 -> disk:666
  ✓ Permissions set to 666
  ✓ Group ownership set to disk
Setting up: /dev/block/platform/soc/soc:ap-apb/71400000.sdio/mmcblk0p24 -> disk:666
  ✓ Permissions set to 666
  ✓ Group ownership set to disk
Setting up: /dev/block/platform/soc/soc:ap-apb/71400000.sdio/mmcblk0p25 -> disk:666
  ✓ Permissions set to 666
  ✓ Group ownership set to disk
Setting up: /dev/block/platform/soc/soc:ap-apb/71400000.sdio/mmcblk0p26 -> disk:666
  ✓ Permissions set to 666
  ✓ Group ownership set to disk
Setting up: /dev/block/platform/soc/soc:ap-apb/71400000.sdio/mmcblk0p27 -> disk:666
  ✓ Permissions set to 666
  ✓ Group ownership set to disk
Setting up: /dev/block/platform/soc/soc:ap-apb/71400000.sdio/mmcblk0p28 -> disk:666
  ✓ Permissions set to 666
  ✓ Group ownership set to disk
Setting up: /dev/block/platform/soc/soc:ap-apb/71400000.sdio/mmcblk0p29 -> disk:666
  ✓ Permissions set to 666
  ✓ Group ownership set to disk
Setting up: /dev/block/platform/soc/soc:ap-apb/71400000.sdio/mmcblk0p30 -> disk:666
  ✓ Permissions set to 666
  ✓ Group ownership set to disk
Setting up: /dev/block/platform/soc/soc:ap-apb/71400000.sdio/mmcblk0p31 -> disk:666
  ✓ Permissions set to 666
  ✓ Group ownership set to disk
Setting up: /dev/block/platform/soc/soc:ap-apb/71400000.sdio/mmcblk0p32 -> disk:666
  ✓ Permissions set to 666
  ✓ Group ownership set to disk
Setting up: /dev/block/platform/soc/soc:ap-apb/71400000.sdio/mmcblk0p33 -> disk:666
  ✓ Permissions set to 666
  ✓ Group ownership set to disk
Setting up: /dev/block/platform/soc/soc:ap-apb/71400000.sdio/mmcblk0p34 -> disk:666
  ✓ Permissions set to 666
  ✓ Group ownership set to disk
Setting up: /dev/block/platform/soc/soc:ap-apb/71400000.sdio/mmcblk0p35 -> disk:666
  ✓ Permissions set to 666
  ✓ Group ownership set to disk
Setting up: /dev/block/platform/soc/soc:ap-apb/71400000.sdio/mmcblk0p36 -> disk:666
  ✓ Permissions set to 666
  ✓ Group ownership set to disk
Setting up: /dev/block/platform/soc/soc:ap-apb/71400000.sdio/mmcblk0p37 -> disk:666
  ✓ Permissions set to 666
  ✓ Group ownership set to disk
Setting up: /dev/block/platform/soc/soc:ap-apb/71400000.sdio/mmcblk0p38 -> disk:666
  ✓ Permissions set to 666
  ✓ Group ownership set to disk
Setting up: /dev/block/platform/soc/soc:ap-apb/71400000.sdio/mmcblk0p39 -> disk:666
  ✓ Permissions set to 666
  ✓ Group ownership set to disk
Setting up: /dev/block/platform/soc/soc:ap-apb/71400000.sdio/mmcblk0p40 -> disk:666
  ✓ Permissions set to 666
  ✓ Group ownership set to disk
Setting up: /dev/block/platform/soc/soc:ap-apb/71400000.sdio/mmcblk0p41 -> disk:666
  ✓ Permissions set to 666
  ✓ Group ownership set to disk
Setting up: /dev/block/platform/soc/soc:ap-apb/71400000.sdio/mmcblk0p42 -> disk:666
  ✓ Permissions set to 666
  ✓ Group ownership set to disk
Setting up: /dev/block/platform/soc/soc:ap-apb/71400000.sdio/mmcblk0p43 -> disk:666
  ✓ Permissions set to 666
  ✓ Group ownership set to disk
Setting up: /dev/block/platform/soc/soc:ap-apb/71400000.sdio/mmcblk0p44 -> disk:666
  ✓ Permissions set to 666
  ✓ Group ownership set to disk
Setting up: /dev/block/platform/soc/soc:ap-apb/71400000.sdio/mmcblk0p45 -> disk:666
  ✓ Permissions set to 666
  ✓ Group ownership set to disk
Setting up: /dev/block/platform/soc/soc:ap-apb/71400000.sdio/mmcblk0p46 -> disk:666
  ✓ Permissions set to 666
  ✓ Group ownership set to disk
Setting up: /dev/block/platform/soc/soc:ap-apb/71400000.sdio/mmcblk0p47 -> disk:666
  ✓ Permissions set to 666
  ✓ Group ownership set to disk
Setting up: /dev/block/platform/soc/soc:ap-apb/71400000.sdio/mmcblk0p48 -> disk:666
  ✓ Permissions set to 666
  ✓ Group ownership set to disk
Setting up: /dev/block/platform/soc/soc:ap-apb/71400000.sdio/mmcblk0p49 -> disk:666
  ✓ Permissions set to 666
  ✓ Group ownership set to disk
Setting up: /dev/block/platform/soc/soc:ap-apb/71400000.sdio/mmcblk0p50 -> disk:666
  ✓ Permissions set to 666
  ✓ Group ownership set to disk
Setting up: /dev/block/platform/soc/soc:ap-apb/71400000.sdio/mmcblk0p51 -> disk:666
  ✓ Permissions set to 666
  ✓ Group ownership set to disk
Setting up: /dev/block/platform/soc/soc:ap-apb/71400000.sdio/mmcblk0p52 -> disk:666
  ✓ Permissions set to 666
  ✓ Group ownership set to disk
Setting up: /dev/block/platform/soc/soc:ap-apb/71400000.sdio/mmcblk0p53 -> disk:666
  ✓ Permissions set to 666
  ✓ Group ownership set to disk
Setting up: /dev/block/platform/soc/soc:ap-apb/71400000.sdio/mmcblk0p54 -> disk:666
  ✓ Permissions set to 666
  ✓ Group ownership set to disk
Setting up: /dev/block/platform/soc/soc:ap-apb/71400000.sdio/mmcblk0p55 -> disk:666
  ✓ Permissions set to 666
  ✓ Group ownership set to disk
Setting up: /dev/block/platform/soc/soc:ap-apb/71400000.sdio/mmcblk0p56 -> disk:666
  ✓ Permissions set to 666
  ✓ Group ownership set to disk
Setting up: /dev/block/platform/soc/soc:ap-apb/71400000.sdio/mmcblk0p57 -> disk:666
  ✓ Permissions set to 666
  ✓ Group ownership set to disk
Setting up: /dev/block/platform/soc/soc:ap-apb/71400000.sdio/mmcblk0p58 -> disk:666
  ✓ Permissions set to 666
  ✓ Group ownership set to disk
Setting up: /dev/block/platform/soc/soc:ap-apb/71400000.sdio/mmcblk0p59 -> disk:666
  ✓ Permissions set to 666
  ✓ Group ownership set to disk
Setting up: /dev/block/platform/soc/soc:ap-apb/71400000.sdio/mmcblk0p60 -> disk:666
  ✓ Permissions set to 666
  ✓ Group ownership set to disk
Setting up: /dev/block/platform/soc/soc:ap-apb/71400000.sdio/mmcblk0p61 -> disk:666
  ✓ Permissions set to 666
  ✓ Group ownership set to disk
Setting up: /dev/block/platform/soc/soc:ap-apb/71400000.sdio/mmcblk0p62 -> disk:666
  ✓ Permissions set to 666
  ✓ Group ownership set to disk
Setting up: /dev/block/platform/soc/soc:ap-apb/71400000.sdio/mmcblk0p63 -> disk:666
  ✓ Permissions set to 666
  ✓ Group ownership set to disk
Setting up: /dev/block/platform/soc/soc:ap-apb/71400000.sdio/mmcblk0p64 -> disk:666
  ✓ Permissions set to 666
  ✓ Group ownership set to disk
Setting up: /dev/block/platform/soc/soc:ap-apb/71400000.sdio/mmcblk0p65 -> disk:666
  ✓ Permissions set to 666
  ✓ Group ownership set to disk
Setting up: /dev/block/platform/soc/soc:ap-apb/71400000.sdio/mmcblk0p66 -> disk:666
  ✓ Permissions set to 666
  ✓ Group ownership set to disk
Setting up: /dev/block/platform/soc/soc:ap-apb/71400000.sdio/mmcblk0p67 -> disk:666
  ✓ Permissions set to 666
  ✓ Group ownership set to disk
Setting up: /dev/block/platform/soc/soc:ap-apb/71400000.sdio/mmcblk0p68 -> disk:666
  ✓ Permissions set to 666
  ✓ Group ownership set to disk
Setting up: /dev/block/platform/soc/soc:ap-apb/71400000.sdio/mmcblk0p69 -> disk:666
  ✓ Permissions set to 666
  ✓ Group ownership set to disk
Setting up: /dev/block/platform/soc/soc:ap-apb/71400000.sdio/mmcblk0p70 -> disk:666
  ✓ Permissions set to 666
  ✓ Group ownership set to disk
Setting up: /dev/block/platform/soc/soc:ap-apb/71400000.sdio/mmcblk0p71 -> disk:666
  ✓ Permissions set to 666
  ✓ Group ownership set to disk
Setting up: /dev/block/platform/soc/soc:ap-apb/71400000.sdio/mmcblk0p72 -> disk:666
  ✓ Permissions set to 666
  ✓ Group ownership set to disk
Setting up: /dev/block/platform/soc/soc:ap-apb/71400000.sdio/mmcblk0p73 -> disk:666
  ✓ Permissions set to 666
  ✓ Group ownership set to disk
Setting up: /dev/block/platform/soc/soc:ap-apb/71400000.sdio/mmcblk0p74 -> disk:666
  ✓ Permissions set to 666
  ✓ Group ownership set to disk
Setting up: /dev/block/platform/soc/soc:ap-apb/71400000.sdio/mmcblk0p75 -> disk:666
  ✓ Permissions set to 666
  ✓ Group ownership set to disk
Setting up: /dev/block/platform/soc/soc:ap-apb/71400000.sdio/mmcblk0p76 -> disk:666
  ✓ Permissions set to 666
  ✓ Group ownership set to disk
Setting up: /dev/block/platform/soc/soc:ap-apb/71400000.sdio/mmcblk0boot0 -> disk:640
  ✓ Permissions set to 640
  ✓ Group ownership set to disk
Setting up: /dev/block/platform/soc/soc:ap-apb/71400000.sdio/mmcblk0boot1 -> disk:640
  ✓ Permissions set to 640
  ✓ Group ownership set to disk
Setting up: /dev/block/platform/soc/soc:ap-apb/71400000.sdio/mmcblk0 -> disk:640
  ✓ Permissions set to 640
  ✓ Group ownership set to disk
Setting up: /dev/block/platform/soc/soc:ap-apb/71100000.sdio/mmcblk1p1 -> disk:666
  ✓ Permissions set to 666
  ✓ Group ownership set to disk
Setting up: /dev/block/platform/soc/soc:ap-apb/71100000.sdio/mmcblk1 -> disk:666
  ✓ Permissions set to 666
  ✓ Group ownership set to disk
Setting up: /dev/block/platform/81ff0000.rebootescrow/pmem0 -> disk:666
  ✓ Permissions set to 666
  ✓ Group ownership set to disk
Setting up: /dev/block/platform/soc/soc:ap-apb/71400000.sdio/by-name/socko_a -> disk:666
  ✓ Permissions set to 666
  ✓ Group ownership set to disk
Setting up: /dev/block/platform/soc/soc:ap-apb/71400000.sdio/by-name/socko_b -> disk:666
  ✓ Permissions set to 666
  ✓ Group ownership set to disk
Setting up: /dev/block/platform/soc/soc:ap-apb/71400000.sdio/by-name/miscdata -> disk:666
  ✓ Permissions set to 666
  ✓ Group ownership set to disk
Setting up: /dev/block/platform/soc/soc:ap-apb/71400000.sdio/by-name/trustos_a -> disk:666
  ✓ Permissions set to 666
  ✓ Group ownership set to disk
Setting up: /dev/block/platform/soc/soc:ap-apb/71400000.sdio/by-name/trustos_b -> disk:666
  ✓ Permissions set to 666
  ✓ Group ownership set to disk
Setting up: /dev/block/platform/soc/soc:ap-apb/71400000.sdio/by-name/vbmeta_vendor_a -> disk:666
  ✓ Permissions set to 666
  ✓ Group ownership set to disk
Setting up: /dev/block/platform/soc/soc:ap-apb/71400000.sdio/by-name/vbmeta_vendor_b -> disk:666
  ✓ Permissions set to 666
  ✓ Group ownership set to disk
Setting up: /dev/block/platform/soc/soc:ap-apb/71400000.sdio/by-name/vbmeta_a -> disk:666
  ✓ Permissions set to 666
  ✓ Group ownership set to disk
Setting up: /dev/block/platform/soc/soc:ap-apb/71400000.sdio/by-name/vbmeta_b -> disk:666
  ✓ Permissions set to 666
  ✓ Group ownership set to disk
Setting up: /dev/block/platform/soc/soc:ap-apb/71400000.sdio/by-name/odmko_a -> disk:666
  ✓ Permissions set to 666
  ✓ Group ownership set to disk
Setting up: /dev/block/platform/soc/soc:ap-apb/71400000.sdio/by-name/odmko_b -> disk:666
  ✓ Permissions set to 666
  ✓ Group ownership set to disk
Setting up: /dev/block/platform/soc/soc:ap-apb/71400000.sdio/by-name/vbmeta_system_ext_a -> disk:666
  ✓ Permissions set to 666
  ✓ Group ownership set to disk
Setting up: /dev/block/platform/soc/soc:ap-apb/71400000.sdio/by-name/vbmeta_system_ext_b -> disk:666
  ✓ Permissions set to 666
  ✓ Group ownership set to disk
Setting up: /dev/block/platform/soc/soc:ap-apb/71400000.sdio/by-name/uboot_a -> disk:666
  ✓ Permissions set to 666
  ✓ Group ownership set to disk
Setting up: /dev/block/platform/soc/soc:ap-apb/71400000.sdio/by-name/uboot_b -> disk:666
  ✓ Permissions set to 666
  ✓ Group ownership set to disk
Device not found: /dev/block/platform/soc/soc:ap-apb/71400000.sdio/by-name/mmcblk0boot1
Device not found: /dev/block/platform/soc/soc:ap-apb/71400000.sdio/by-name/mmcblk0boot0
Setting up: /dev/block/platform/soc/soc:ap-apb/71400000.sdio/by-name/avbmeta_rs_a -> disk:666
  ✓ Permissions set to 666
  ✓ Group ownership set to disk
Setting up: /dev/block/platform/soc/soc:ap-apb/71400000.sdio/by-name/avbmeta_rs_b -> disk:666
  ✓ Permissions set to 666
  ✓ Group ownership set to disk
Setting up: /dev/block/platform/soc/soc:ap-apb/71400000.sdio/by-name/common_rs1_a -> disk:666
  ✓ Permissions set to 666
  ✓ Group ownership set to disk
Setting up: /dev/block/platform/soc/soc:ap-apb/71400000.sdio/by-name/common_rs1_b -> disk:666
  ✓ Permissions set to 666
  ✓ Group ownership set to disk
Setting up: /dev/block/platform/soc/soc:ap-apb/71400000.sdio/by-name/l_agdsp_a -> disk:666
  ✓ Permissions set to 666
  ✓ Group ownership set to disk
Setting up: /dev/block/platform/soc/soc:ap-apb/71400000.sdio/by-name/l_agdsp_b -> disk:666
  ✓ Permissions set to 666
  ✓ Group ownership set to disk
Setting up: /dev/block/platform/soc/soc:ap-apb/71400000.sdio/by-name/metadata -> disk:666
  ✓ Permissions set to 666
  ✓ Group ownership set to disk
Setting up: /dev/block/platform/soc/soc:ap-apb/71400000.sdio/by-name/common_rs2_a -> disk:666
  ✓ Permissions set to 666
  ✓ Group ownership set to disk
Setting up: /dev/block/platform/soc/soc:ap-apb/71400000.sdio/by-name/common_rs2_b -> disk:666
  ✓ Permissions set to 666
  ✓ Group ownership set to disk
Setting up: /dev/block/platform/soc/soc:ap-apb/71400000.sdio/by-name/l_gdsp_a -> disk:666
  ✓ Permissions set to 666
  ✓ Group ownership set to disk
Setting up: /dev/block/platform/soc/soc:ap-apb/71400000.sdio/by-name/l_gdsp_b -> disk:666
  ✓ Permissions set to 666
  ✓ Group ownership set to disk
Setting up: /dev/block/platform/soc/soc:ap-apb/71400000.sdio/by-name/l_cdsp_a -> disk:666
  ✓ Permissions set to 666
  ✓ Group ownership set to disk
Setting up: /dev/block/platform/soc/soc:ap-apb/71400000.sdio/by-name/l_cdsp_b -> disk:666
  ✓ Permissions set to 666
  ✓ Group ownership set to disk
Setting up: /dev/block/platform/soc/soc:ap-apb/71400000.sdio/by-name/prodnv -> disk:666
  ✓ Permissions set to 666
  ✓ Group ownership set to disk
Setting up: /dev/block/platform/soc/soc:ap-apb/71400000.sdio/by-name/pm_sys_a -> disk:666
  ✓ Permissions set to 666
  ✓ Group ownership set to disk
Setting up: /dev/block/platform/soc/soc:ap-apb/71400000.sdio/by-name/pm_sys_b -> disk:666
  ✓ Permissions set to 666
  ✓ Group ownership set to disk
Setting up: /dev/block/platform/soc/soc:ap-apb/71400000.sdio/by-name/teecfg_a -> disk:666
  ✓ Permissions set to 666
  ✓ Group ownership set to disk
Setting up: /dev/block/platform/soc/soc:ap-apb/71400000.sdio/by-name/teecfg_b -> disk:666
  ✓ Permissions set to 666
  ✓ Group ownership set to disk
Setting up: /dev/block/platform/soc/soc:ap-apb/71400000.sdio/by-name/vbmeta_product_a -> disk:666
  ✓ Permissions set to 666
  ✓ Group ownership set to disk
Setting up: /dev/block/platform/soc/soc:ap-apb/71400000.sdio/by-name/vbmeta_product_b -> disk:666
  ✓ Permissions set to 666
  ✓ Group ownership set to disk
Setting up: /dev/block/platform/soc/soc:ap-apb/71400000.sdio/by-name/logo -> disk:666
  ✓ Permissions set to 666
  ✓ Group ownership set to disk
Setting up: /dev/block/platform/soc/soc:ap-apb/71400000.sdio/by-name/misc -> disk:666
  ✓ Permissions set to 666
  ✓ Group ownership set to disk
Setting up: /dev/block/platform/soc/soc:ap-apb/71400000.sdio/by-name/wcnmodem_a -> disk:666
  ✓ Permissions set to 666
  ✓ Group ownership set to disk
Setting up: /dev/block/platform/soc/soc:ap-apb/71400000.sdio/by-name/wcnmodem_b -> disk:666
  ✓ Permissions set to 666
  ✓ Group ownership set to disk
Setting up: /dev/block/platform/soc/soc:ap-apb/71400000.sdio/by-name/l_ldsp_b -> disk:666
  ✓ Permissions set to 666
  ✓ Group ownership set to disk
Setting up: /dev/block/platform/soc/soc:ap-apb/71400000.sdio/by-name/l_ldsp_a -> disk:666
  ✓ Permissions set to 666
  ✓ Group ownership set to disk
Setting up: /dev/block/platform/soc/soc:ap-apb/71400000.sdio/by-name/vbmeta_system_b -> disk:666
  ✓ Permissions set to 666
  ✓ Group ownership set to disk
Setting up: /dev/block/platform/soc/soc:ap-apb/71400000.sdio/by-name/vbmeta_system_a -> disk:666
  ✓ Permissions set to 666
  ✓ Group ownership set to disk
Setting up: /dev/block/platform/soc/soc:ap-apb/71400000.sdio/by-name/l_fixnv2_a -> disk:666
  ✓ Permissions set to 666
  ✓ Group ownership set to disk
Setting up: /dev/block/platform/soc/soc:ap-apb/71400000.sdio/by-name/l_fixnv2_b -> disk:666
  ✓ Permissions set to 666
  ✓ Group ownership set to disk
Setting up: /dev/block/platform/soc/soc:ap-apb/71400000.sdio/by-name/l_modem_a -> disk:666
  ✓ Permissions set to 666
  ✓ Group ownership set to disk
Setting up: /dev/block/platform/soc/soc:ap-apb/71400000.sdio/by-name/l_modem_b -> disk:666
  ✓ Permissions set to 666
  ✓ Group ownership set to disk
Setting up: /dev/block/platform/soc/soc:ap-apb/71400000.sdio/by-name/l_deltanv_a -> disk:666
  ✓ Permissions set to 666
  ✓ Group ownership set to disk
Setting up: /dev/block/platform/soc/soc:ap-apb/71400000.sdio/by-name/l_deltanv_b -> disk:666
  ✓ Permissions set to 666
  ✓ Group ownership set to disk
Setting up: /dev/block/platform/soc/soc:ap-apb/71400000.sdio/by-name/l_runtimenv2 -> disk:666
  ✓ Permissions set to 666
  ✓ Group ownership set to disk
Setting up: /dev/block/platform/soc/soc:ap-apb/71400000.sdio/by-name/l_runtimenv1 -> disk:666
  ✓ Permissions set to 666
  ✓ Group ownership set to disk
Setting up: /dev/block/platform/soc/soc:ap-apb/71400000.sdio/by-name/sml_a -> disk:666
  ✓ Permissions set to 666
  ✓ Group ownership set to disk
Setting up: /dev/block/platform/soc/soc:ap-apb/71400000.sdio/by-name/sml_b -> disk:666
  ✓ Permissions set to 666
  ✓ Group ownership set to disk
Setting up: /dev/block/platform/soc/soc:ap-apb/71400000.sdio/by-name/vbmeta_odm_a -> disk:666
  ✓ Permissions set to 666
  ✓ Group ownership set to disk
Setting up: /dev/block/platform/soc/soc:ap-apb/71400000.sdio/by-name/vbmeta_odm_b -> disk:666
  ✓ Permissions set to 666
  ✓ Group ownership set to disk
Setting up: /dev/block/platform/soc/soc:ap-apb/71400000.sdio/by-name/gnssmodem_a -> disk:666
  ✓ Permissions set to 666
  ✓ Group ownership set to disk
Setting up: /dev/block/platform/soc/soc:ap-apb/71400000.sdio/by-name/gnssmodem_b -> disk:666
  ✓ Permissions set to 666
  ✓ Group ownership set to disk
Setting up: /dev/block/platform/soc/soc:ap-apb/71400000.sdio/by-name/persist -> disk:666
  ✓ Permissions set to 666
  ✓ Group ownership set to disk
Setting up: /dev/block/platform/soc/soc:ap-apb/71400000.sdio/by-name/sysdumpdb -> disk:666
  ✓ Permissions set to 666
  ✓ Group ownership set to disk
Setting up: /dev/block/platform/soc/soc:ap-apb/71400000.sdio/by-name/dtbo_a -> disk:666
  ✓ Permissions set to 666
  ✓ Group ownership set to disk
Setting up: /dev/block/platform/soc/soc:ap-apb/71400000.sdio/by-name/dtbo_b -> disk:666
  ✓ Permissions set to 666
  ✓ Group ownership set to disk
Setting up: /dev/block/platform/soc/soc:ap-apb/71400000.sdio/by-name/l_fixnv1_a -> disk:666
  ✓ Permissions set to 666
  ✓ Group ownership set to disk
Setting up: /dev/block/platform/soc/soc:ap-apb/71400000.sdio/by-name/l_fixnv1_b -> disk:666
  ✓ Permissions set to 666
  ✓ Group ownership set to disk
Setting up: /dev/block/platform/soc/soc:ap-apb/71400000.sdio/by-name/dtb_a -> disk:666
  ✓ Permissions set to 666
  ✓ Group ownership set to disk
Setting up: /dev/block/platform/soc/soc:ap-apb/71400000.sdio/by-name/dtb_b -> disk:666
  ✓ Permissions set to 666
  ✓ Group ownership set to disk
Setting up: /dev/block/platform/soc/soc:ap-apb/71400000.sdio/by-name/hypervsior_b -> disk:666
  ✓ Permissions set to 666
  ✓ Group ownership set to disk
Setting up: /dev/block/platform/soc/soc:ap-apb/71400000.sdio/by-name/hypervsior_a -> disk:666
  ✓ Permissions set to 666
  ✓ Group ownership set to disk
Setting up: /dev/block/platform/soc/soc:ap-apb/71400000.sdio/by-name/super -> disk:666
  ✓ Permissions set to 666
  ✓ Group ownership set to disk
Setting up: /dev/block/platform/soc/soc:ap-apb/71400000.sdio/by-name/uboot_log -> disk:666
  ✓ Permissions set to 666
  ✓ Group ownership set to disk
Setting up: /dev/block/platform/soc/soc:ap-apb/71400000.sdio/by-name/fbootlogo -> disk:666
  ✓ Permissions set to 666
  ✓ Group ownership set to disk
Device not found: /dev/block/platform/soc/soc:ap-apb/71400000.sdio/by-name/mmcblk0
Setting up devices matching pattern: /dev/audio_dsp*
Setting up devices matching pattern: /dev/audio_pipe*
Setting up: /dev/audio_pipe_bthal -> audio:660
  ✓ Permissions set to 660
  ✓ Group ownership set to audio
Setting up: /dev/audio_pipe_effect -> audio:660
  ✓ Permissions set to 660
  ✓ Group ownership set to audio
Setting up: /dev/audio_pipe_recordproc -> audio:660
  ✓ Permissions set to 660
  ✓ Group ownership set to audio
Setting up: /dev/audio_pipe_voice -> audio:660
  ✓ Permissions set to 660
  ✓ Group ownership set to audio
Device not found: /dev/sttygnss0
Device not found: /dev/spipe_gnss0
Device not found: /dev/spipe_gnss1
Device not found: /dev/ttyM0
Device not found: /dev/ttyM1
Device not found: /dev/sttybt0
Setting up devices matching pattern: /dev/stty_lte*
Setting up: /dev/stty_lte0 -> sys:660
  ✓ Permissions set to 660
  ✓ Group ownership set to sys
Setting up: /dev/stty_lte1 -> sys:660
  ✓ Permissions set to 660
  ✓ Group ownership set to sys
Setting up: /dev/stty_lte10 -> sys:660
  ✓ Permissions set to 660
  ✓ Group ownership set to sys
Setting up: /dev/stty_lte11 -> sys:660
  ✓ Permissions set to 660
  ✓ Group ownership set to sys
Setting up: /dev/stty_lte12 -> sys:660
  ✓ Permissions set to 660
  ✓ Group ownership set to sys
Setting up: /dev/stty_lte13 -> sys:660
  ✓ Permissions set to 660
  ✓ Group ownership set to sys
Setting up: /dev/stty_lte14 -> sys:660
  ✓ Permissions set to 660
  ✓ Group ownership set to sys
Setting up: /dev/stty_lte15 -> sys:660
  ✓ Permissions set to 660
  ✓ Group ownership set to sys
Setting up: /dev/stty_lte16 -> sys:660
  ✓ Permissions set to 660
  ✓ Group ownership set to sys
Setting up: /dev/stty_lte17 -> sys:660
  ✓ Permissions set to 660
  ✓ Group ownership set to sys
Setting up: /dev/stty_lte18 -> sys:660
  ✓ Permissions set to 660
  ✓ Group ownership set to sys
Setting up: /dev/stty_lte19 -> sys:660
  ✓ Permissions set to 660
  ✓ Group ownership set to sys
Setting up: /dev/stty_lte2 -> sys:660
  ✓ Permissions set to 660
  ✓ Group ownership set to sys
Setting up: /dev/stty_lte20 -> sys:660
  ✓ Permissions set to 660
  ✓ Group ownership set to sys
Setting up: /dev/stty_lte21 -> sys:660
  ✓ Permissions set to 660
  ✓ Group ownership set to sys
Setting up: /dev/stty_lte22 -> sys:660
  ✓ Permissions set to 660
  ✓ Group ownership set to sys
Setting up: /dev/stty_lte23 -> sys:660
  ✓ Permissions set to 660
  ✓ Group ownership set to sys
Setting up: /dev/stty_lte24 -> sys:660
  ✓ Permissions set to 660
  ✓ Group ownership set to sys
Setting up: /dev/stty_lte25 -> sys:660
  ✓ Permissions set to 660
  ✓ Group ownership set to sys
Setting up: /dev/stty_lte26 -> sys:660
  ✓ Permissions set to 660
  ✓ Group ownership set to sys
Setting up: /dev/stty_lte27 -> sys:660
  ✓ Permissions set to 660
  ✓ Group ownership set to sys
Setting up: /dev/stty_lte28 -> sys:660
  ✓ Permissions set to 660
  ✓ Group ownership set to sys
Setting up: /dev/stty_lte29 -> sys:660
  ✓ Permissions set to 660
  ✓ Group ownership set to sys
Setting up: /dev/stty_lte3 -> sys:660
  ✓ Permissions set to 660
  ✓ Group ownership set to sys
Setting up: /dev/stty_lte30 -> sys:660
  ✓ Permissions set to 660
  ✓ Group ownership set to sys
Setting up: /dev/stty_lte31 -> sys:660
  ✓ Permissions set to 660
  ✓ Group ownership set to sys
Setting up: /dev/stty_lte4 -> sys:660
  ✓ Permissions set to 660
  ✓ Group ownership set to sys
Setting up: /dev/stty_lte5 -> sys:660
  ✓ Permissions set to 660
  ✓ Group ownership set to sys
Setting up: /dev/stty_lte6 -> sys:660
  ✓ Permissions set to 660
  ✓ Group ownership set to sys
Setting up: /dev/stty_lte7 -> sys:660
  ✓ Permissions set to 660
  ✓ Group ownership set to sys
Setting up: /dev/stty_lte8 -> sys:660
  ✓ Permissions set to 660
  ✓ Group ownership set to sys
Setting up: /dev/stty_lte9 -> sys:660
  ✓ Permissions set to 660
  ✓ Group ownership set to sys
Setting up: /dev/spipe_lte5 -> sys:660
  ✓ Permissions set to 660
  ✓ Group ownership set to sys
Setting up: /dev/spipe_lte4 -> audio:660
  ✓ Permissions set to 660
  ✓ Group ownership set to audio
Setting up: /dev/spipe_lte6 -> audio:660
  ✓ Permissions set to 660
  ✓ Group ownership set to audio
Setting up: /dev/spipe_lte9 -> dialout:660
  ✓ Permissions set to 660
  ✓ Group ownership set to dialout
Setting up: /dev/spipe_lte14 -> audio:660
  ✓ Permissions set to 660
  ✓ Group ownership set to audio
Setting up devices matching pattern: /dev/spipe_pm*
Setting up: /dev/spipe_pm0 -> sys:666
  ✓ Permissions set to 666
  ✓ Group ownership set to sys
Setting up: /dev/spipe_pm1 -> sys:666
  ✓ Permissions set to 666
  ✓ Group ownership set to sys
Setting up devices matching pattern: /dev/vdsp*
Setting up: /dev/vdsp0 -> sys:660
  ✓ Permissions set to 660
  ✓ Group ownership set to sys
Device not found: /dev/sprd_jpg1
Device not found: /dev/sprd_vpp
Device not found: /dev/sprd_vsp_enc
Device not found: /dev/sprd_image
Device not found: /dev/sprd_isp
Device not found: /dev/sprd_fd
Device not found: /dev/pvr_sync
Setting up devices matching pattern: /dev/dri/*
Setting up: /dev/dri/card0 -> video:666
  ✓ Permissions set to 666
  ✓ Group ownership set to video
Setting up devices matching pattern: /dev/graphics/*
Device not found: /dev/block/by-name/l_agdsp
Setting up devices matching pattern: /dev/block/by-name/l_*
Setting up: /dev/block/by-name/l_agdsp_a -> sys:660
  ✓ Permissions set to 660
  ✓ Group ownership set to sys
Setting up: /dev/block/by-name/l_agdsp_b -> sys:660
  ✓ Permissions set to 660
  ✓ Group ownership set to sys
Setting up: /dev/block/by-name/l_cdsp_a -> sys:660
  ✓ Permissions set to 660
  ✓ Group ownership set to sys
Setting up: /dev/block/by-name/l_cdsp_b -> sys:660
  ✓ Permissions set to 660
  ✓ Group ownership set to sys
Setting up: /dev/block/by-name/l_deltanv_a -> sys:660
  ✓ Permissions set to 660
  ✓ Group ownership set to sys
Setting up: /dev/block/by-name/l_deltanv_b -> sys:660
  ✓ Permissions set to 660
  ✓ Group ownership set to sys
Setting up: /dev/block/by-name/l_fixnv1_a -> sys:660
  ✓ Permissions set to 660
  ✓ Group ownership set to sys
Setting up: /dev/block/by-name/l_fixnv1_b -> sys:660
  ✓ Permissions set to 660
  ✓ Group ownership set to sys
Setting up: /dev/block/by-name/l_fixnv2_a -> sys:660
  ✓ Permissions set to 660
  ✓ Group ownership set to sys
Setting up: /dev/block/by-name/l_fixnv2_b -> sys:660
  ✓ Permissions set to 660
  ✓ Group ownership set to sys
Setting up: /dev/block/by-name/l_gdsp_a -> sys:660
  ✓ Permissions set to 660
  ✓ Group ownership set to sys
Setting up: /dev/block/by-name/l_gdsp_b -> sys:660
  ✓ Permissions set to 660
  ✓ Group ownership set to sys
Setting up: /dev/block/by-name/l_ldsp_a -> sys:660
  ✓ Permissions set to 660
  ✓ Group ownership set to sys
Setting up: /dev/block/by-name/l_ldsp_b -> sys:660
  ✓ Permissions set to 660
  ✓ Group ownership set to sys
Setting up: /dev/block/by-name/l_modem_a -> sys:660
  ✓ Permissions set to 660
  ✓ Group ownership set to sys
Setting up: /dev/block/by-name/l_modem_b -> sys:660
  ✓ Permissions set to 660
  ✓ Group ownership set to sys
Setting up: /dev/block/by-name/l_runtimenv1 -> sys:660
  ✓ Permissions set to 660
  ✓ Group ownership set to sys
Setting up: /dev/block/by-name/l_runtimenv2 -> sys:660
  ✓ Permissions set to 660
  ✓ Group ownership set to sys
Setting up devices matching pattern: /dev/block/by-name/pm_sys*
Setting up: /dev/block/by-name/pm_sys_a -> sys:660
  ✓ Permissions set to 660
  ✓ Group ownership set to sys
Setting up: /dev/block/by-name/pm_sys_b -> sys:660
  ✓ Permissions set to 660
  ✓ Group ownership set to sys
Setting up devices matching pattern: /dev/block/mmcblk1p*
Setting up: /dev/block/mmcblk1p1 -> sys:660
  ✓ Permissions set to 660
  ✓ Group ownership set to sys
Setting up: /dev/mmcblk0rpmb -> sys:660
  ✓ Permissions set to 660
  ✓ Group ownership set to sys
Device not found: /dev/block/memdisk0p1
Setting up devices matching pattern: /dev/input/event*
Setting up: /dev/input/event0 -> input:660
  ✓ Permissions set to 660
  ✓ Group ownership set to input
Setting up: /dev/input/event1 -> input:660
  ✓ Permissions set to 660
  ✓ Group ownership set to input
Setting up: /dev/input/event2 -> input:660
  ✓ Permissions set to 660
  ✓ Group ownership set to input
Setting up: /dev/input/event3 -> input:660
  ✓ Permissions set to 660
  ✓ Group ownership set to input
Setting up: /dev/input/event4 -> input:660
  ✓ Permissions set to 660
  ✓ Group ownership set to input
Setting up: /dev/input/event5 -> input:660
  ✓ Permissions set to 660
  ✓ Group ownership set to input
Setting up: /dev/input/event6 -> input:660
  ✓ Permissions set to 660
  ✓ Group ownership set to input
Setting up devices matching pattern: /dev/v4l-touch*
Setting up devices matching pattern: /dev/input/*
Setting up: /dev/input/event0 -> input:660
  ✓ Permissions set to 660
  ✓ Group ownership set to input
Setting up: /dev/input/event1 -> input:660
  ✓ Permissions set to 660
  ✓ Group ownership set to input
Setting up: /dev/input/event2 -> input:660
  ✓ Permissions set to 660
  ✓ Group ownership set to input
Setting up: /dev/input/event3 -> input:660
  ✓ Permissions set to 660
  ✓ Group ownership set to input
Setting up: /dev/input/event4 -> input:660
  ✓ Permissions set to 660
  ✓ Group ownership set to input
Setting up: /dev/input/event5 -> input:660
  ✓ Permissions set to 660
  ✓ Group ownership set to input
Setting up: /dev/input/event6 -> input:660
  ✓ Permissions set to 660
  ✓ Group ownership set to input
Setting up: /dev/input/js0 -> input:660
  ✓ Permissions set to 660
  ✓ Group ownership set to input
Setting up: /dev/input/mice -> input:660
  ✓ Permissions set to 660
  ✓ Group ownership set to input
Setting up devices matching pattern: /dev/bus/usb/*
Setting up: /dev/bus/usb/001 -> usb:660
  ✓ Permissions set to 660
  ✓ Group ownership set to usb
Device not found: /dev/ttyS3
Device not found: /dev/ttyS4
Device not found: /dev/power_ctl
Setting up devices matching pattern: /dev/ttyGS*
Setting up: /dev/ttyGS0 -> sys:660
  ✓ Permissions set to 660
  ✓ Group ownership set to sys
Setting up: /dev/ttyGS1 -> sys:660
  ✓ Permissions set to 660
  ✓ Group ownership set to sys
Setting up: /dev/ttyGS2 -> sys:660
  ✓ Permissions set to 660
  ✓ Group ownership set to sys
Setting up: /dev/ttyGS3 -> sys:660
  ✓ Permissions set to 660
  ✓ Group ownership set to sys
Setting up: /dev/ttyGS4 -> sys:660
  ✓ Permissions set to 660
  ✓ Group ownership set to sys
Setting up: /dev/ttyGS5 -> sys:660
  ✓ Permissions set to 660
  ✓ Group ownership set to sys
Setting up: /dev/ttyGS6 -> sys:660
  ✓ Permissions set to 660
  ✓ Group ownership set to sys
Setting up: /dev/ttyGS7 -> sys:660
  ✓ Permissions set to 660
  ✓ Group ownership set to sys
Setting up devices matching pattern: /dev/iio:device*
Setting up: /dev/iio:device0 -> sys:660
  ✓ Permissions set to 660
  ✓ Group ownership set to sys
Setting up: /dev/iio:device1 -> sys:660
  ✓ Permissions set to 660
  ✓ Group ownership set to sys
Setting up devices matching pattern: /dev/rtc*
Setting up: /dev/rtc0 -> sys:660
  ✓ Permissions set to 660
  ✓ Group ownership set to sys
Device not found: /dev/hw_random
Device not found: /dev/tty0
Setting up: /dev/binder -> root:666
chmod: cannot operate on dangling symlink '/dev/binder'
  ✓ Permissions set to 666
chgrp: cannot dereference '/dev/binder': No such file or directory
  ✓ Group ownership set to root
Setting up: /dev/hwbinder -> root:666
chmod: cannot operate on dangling symlink '/dev/hwbinder'
  ✓ Permissions set to 666
chgrp: cannot dereference '/dev/hwbinder': No such file or directory
  ✓ Group ownership set to root
Setting up: /dev/vndbinder -> root:666
chmod: cannot operate on dangling symlink '/dev/vndbinder'
  ✓ Permissions set to 666
chgrp: cannot dereference '/dev/vndbinder': No such file or directory
  ✓ Group ownership set to root
Adding p3plus to essential device access groups...
User p3plus already in group disk
User p3plus already in group dialout
User p3plus already in group audio
User p3plus already in group video
Adding p3plus to group: input
✓ User p3plus added to group input
User p3plus already in group netdev
User p3plus already in group sys
User p3plus already in group adm
User p3plus already in group users
User p3plus already in group wheel
Adding p3plus to group: bluetooth
✓ User p3plus added to group bluetooth
Adding p3plus to group: graphics
✓ User p3plus added to group graphics
Adding p3plus to group: log
✓ User p3plus added to group log
Adding p3plus to group: usb
✓ User p3plus added to group usb
Adding p3plus to group: mtp
✓ User p3plus added to group mtp
=========================================
Device setup completed: Mon Oct 20 02:03:18 EDT 2025
Devices processed: 4008
Successful operations: 8105
Failed operations: 0
0
Log saved to: /data/dev-nodes-logs.log
=========================================
Current groups for user p3plus:
tty kmem cdrom ftp sshd input netdev games ntp abuild utmp nogroup nobody usb bluetooth graphics log mtp 

Setup complete. Please log out and log back in for group changes to take effect.
Run 'cat /data/dev-nodes-logs.log' to review the complete setup log.
[2025-10-20 02:03:18] ✓ Device nodes setup completed
[2025-10-20 02:03:18] ✓ Device nodes and permissions setup process completed
[2025-10-20 02:03:18] ✓ User p3plus now has access to all configured device nodes
[2025-10-20 02:03:18] === Applying group membership changes ===
[2025-10-20 02:03:18] Logging out to apply group changes...
[2025-10-20 02:03:18] Executing logout via chroot-distro...
[2025-10-20 02:03:19] Waiting 3 seconds for session to close...
[2025-10-20 02:03:22] Logging back in to apply changes...
root
[2025-10-20 02:03:23] ✓ Successfully logged back in
[2025-10-20 02:03:23] ✓ Group changes should now be in effect
[2025-10-20 02:03:23] === Testing Alpine Linux installation ===
[2025-10-20 02:03:23] Testing chroot-distro environment...
[2025-10-20 02:03:23] EXECUTING: chroot-distro env
Script: /system/bin/chroot-distro
Version: 2.1.0
VersionCode: 17
md5 hash: 0d6f52524c601b6c968ce51d796b25f3
Toybox version: toybox 0.8.3-android
busybox => '/system/bin/busybox'
Busybox version: BusyBox v1.36.1-osm0sis (2023-09-02 19:01:41 ADT) multi-call binary.
chroot => '/system/bin/chroot'
lsof => 'busybox lsof'
Magisk installed (29.0:MAGISK:R)
Busybox for Android NDK Magisk module installed
Linux 4.14.193 #1 SMP PREEMPT Tue Jul 4 17:03:59 HKT 2023 aarch64 Android
PATH=/debug_ramdisk:/sbin:/sbin/su:/su/bin:/su/xbin:/system/bin:/system/xbin
[2025-10-20 02:03:23] SUCCESS: Command completed successfully
[2025-10-20 02:03:23] Testing Alpine package manager...
apk-tools 2.14.9, compiled for aarch64.
[2025-10-20 02:03:24] ✓ Alpine package manager is working
[2025-10-20 02:03:24] Testing UNISOC hardware script...
Script is executable
[2025-10-20 02:03:25] ✓ UNISOC hardware script is installed and executable
[2025-10-20 02:03:26] Testing Alpine login capability...
root
/root
[2025-10-20 02:03:27] ✓ Alpine environment is accessible
[2025-10-20 02:03:27] Testing D-Bus availability...
/usr/bin/dbus-daemon
/usr/bin/dbus-launch
[2025-10-20 02:03:28] ✓ D-Bus daemon and dbus-launch are installed
D-Bus Message Bus Daemon 1.16.2
Copyright (C) 2002, 2003 Red Hat, Inc., CodeFactory AB, and others
This is free software; see the source for copying conditions.
There is NO warranty; not even for MERCHANTABILITY or FITNESS FOR A PARTICULAR PURPOSE.
[2025-10-20 02:03:29] ✓ D-Bus version check completed
[2025-10-20 02:03:29] Testing D-Bus service configuration...
 * status: stopped
D-Bus service not started (expected in chroot)
[2025-10-20 02:03:30] ✓ D-Bus service check completed
[2025-10-20 02:03:30] === Testing comprehensive device node access ===
[2025-10-20 02:03:30] Testing critical system device nodes...
[2025-10-20 02:03:30]   Testing /dev/null...
Success
[2025-10-20 02:03:31]   ✓ /dev/null has read/write access
[2025-10-20 02:03:31]   Testing /dev/zero...
[2025-10-20 02:03:32]   ✓ /dev/zero has read access
[2025-10-20 02:03:32]   Testing /dev/random and /dev/urandom...
[2025-10-20 02:03:33]   ✓ /dev/random has read access
[2025-10-20 02:03:34]   ✓ /dev/urandom has read access
[2025-10-20 02:03:34]   Testing /dev/full...
Success
[2025-10-20 02:03:35]   ✓ /dev/full has write access
[2025-10-20 02:03:35] Testing audio device access...
total 0
drwxr-xr-x  2 root   root      600 Oct 20 01:02 .
drwxr-xr-x 24 root   root     4400 Oct 20 02:01 ..
crw-rw-rw-  1 p3plus audio 116, 28 Oct 20 01:02 comprC0D11
crw-rw-rw-  1 p3plus audio 116, 27 Oct 20 01:02 comprC0D4
crw-rw-rw-  1 p3plus audio 116,  2 Oct 20 01:02 controlC0
crw-rw-rw-  1 p3plus audio 116,  4 Oct 20 01:02 pcmC0D0c
crw-rw-rw-  1 p3plus audio 116,  3 Oct 20 01:02 pcmC0D0p
crw-rw-rw-  1 p3plus audio 116, 17 Oct 20 01:02 pcmC0D10c
crw-rw-rw-  1 p3plus audio 116, 16 Oct 20 01:02 pcmC0D10p
[2025-10-20 02:03:36] ✓ Audio devices (/dev/snd/*) are accessible
Write access OK
[2025-10-20 02:03:37]   ✓ /dev/snd/controlC0 has write access
[2025-10-20 02:03:37] Testing video/GPU device access...
crw-rw-rw- 1 root video 226, 0 Oct 20 01:02 /dev/dri/card0
[2025-10-20 02:03:38] ✓ GPU device (/dev/dri/card0) is accessible
RW access OK
[2025-10-20 02:03:39]   ✓ /dev/dri/card0 has read/write access
crw-rw-rw- 1 p3plus video 10, 18 Oct 20 01:02 /dev/mali0
[2025-10-20 02:03:40] ✓ Mali GPU device (/dev/mali0) is accessible
[2025-10-20 02:03:40] Testing input device access...
total 0
drwxr-xr-x  2 root   root     220 Oct 20 01:02 .
drwxr-xr-x 24 root   root    4400 Oct 20 02:01 ..
crw-rw----  1 p3plus input 13, 64 Oct 20 01:02 event0
crw-rw----  1 p3plus input 13, 65 Oct 20 01:02 event1
crw-rw----  1 p3plus input 13, 66 Oct 20 01:02 event2
crw-rw----  1 p3plus input 13, 67 Oct 20 01:02 event3
crw-rw----  1 p3plus input 13, 68 Oct 20 01:02 event4
crw-rw----  1 p3plus input 13, 69 Oct 20 01:02 event5
crw-rw----  1 p3plus input 13, 70 Oct 20 01:02 event6
[2025-10-20 02:03:41] ✓ Input devices (/dev/input/*) are accessible
[2025-10-20 02:03:41] Testing serial/TTY device access...
crw-rw-rw- 1 root   tty       5, 0 Oct 20 01:02 /dev/tty
crw-rw-rw- 1   1002 dialout 505, 0 Oct 20 02:02 /dev/ttyBT0
crw-rw-rw- 1 root   dialout 505, 1 Oct 20 01:02 /dev/ttyBT1
crw-rw---- 1 p3plus sys     510, 0 Oct 20 01:02 /dev/ttyGS0
crw-rw---- 1 p3plus sys     510, 1 Oct 20 01:02 /dev/ttyGS1
[2025-10-20 02:03:42] ✓ TTY devices are accessible
[2025-10-20 02:03:42] Testing LTE/UNISOC device access...
crw-rw-rw- 1 p3plus dialout 241,  0 Oct 20 01:02 /dev/spipe_lte0
crw-rw-rw- 1 p3plus dialout 241,  1 Oct 20 01:02 /dev/spipe_lte1
crw-rw-rw- 1 p3plus dialout 241, 10 Oct 20 01:02 /dev/spipe_lte10
crw-rw-rw- 1 p3plus dialout 241, 11 Oct 20 01:02 /dev/spipe_lte11
crw-rw-rw- 1 p3plus dialout 241, 12 Oct 20 01:02 /dev/spipe_lte12
crw-rw-rw- 1 p3plus dialout 241, 13 Oct 20 01:02 /dev/spipe_lte13
crw-rw---- 1   1041 audio   241, 14 Oct 20 01:02 /dev/spipe_lte14
crw-rw-rw- 1 p3plus dialout 241,  2 Oct 20 01:02 /dev/spipe_lte2
crw-rw-rw- 1 p3plus dialout 241,  3 Oct 20 01:02 /dev/spipe_lte3
crw-rw---- 1   1013 audio   241,  4 Oct 20 01:02 /dev/spipe_lte4
[2025-10-20 02:03:43] ✓ UNISOC LTE devices are accessible
[2025-10-20 02:03:43] Testing GPIO device access...
crw-rw-rw- 1 root sys 254, 0 Oct 20 01:02 /dev/gpiochip0
crw-rw-rw- 1 root sys 254, 1 Oct 20 01:02 /dev/gpiochip1
crw-rw-rw- 1 root sys 254, 2 Oct 20 01:02 /dev/gpiochip2
crw-rw-rw- 1 root sys 254, 3 Oct 20 01:02 /dev/gpiochip3
crw-rw-rw- 1 root sys 254, 4 Oct 20 01:02 /dev/gpiochip4
crw-rw-rw- 1 root sys 254, 5 Oct 20 01:02 /dev/gpiochip5
[2025-10-20 02:03:44] ✓ GPIO devices are accessible
[2025-10-20 02:03:44] Testing I2C device access...
crw-rw-rw- 1 root sys 89, 0 Oct 20 01:02 /dev/i2c-0
crw-rw-rw- 1 root sys 89, 1 Oct 20 01:02 /dev/i2c-1
crw-rw-rw- 1 root sys 89, 2 Oct 20 01:02 /dev/i2c-2
crw-rw-rw- 1 root sys 89, 3 Oct 20 01:02 /dev/i2c-3
crw-rw-rw- 1 root sys 89, 4 Oct 20 01:02 /dev/i2c-4
crw-rw-rw- 1 root sys 89, 5 Oct 20 01:02 /dev/i2c-5
[2025-10-20 02:03:45] ✓ I2C devices are accessible
[2025-10-20 02:03:45] Testing sensor device access...
crw-rw---- 1 p3plus sys 247, 0 Oct 20 01:02 /dev/iio:device0
crw-rw---- 1 p3plus sys 247, 1 Oct 20 01:02 /dev/iio:device1
[2025-10-20 02:03:46] ✓ Sensor devices are accessible
[2025-10-20 02:03:46] Testing block device access...
crw-rw-rw- 1 root disk 10, 237 Oct 20 01:02 /dev/loop-control
[2025-10-20 02:03:47] ✓ Loop devices are accessible
[2025-10-20 02:03:47] Testing user p3plus group memberships...
p3plus root bin daemon sys adm tty disk lp kmem wheel floppy mail news uucp cron audio cdrom dialout ftp sshd input tape video netdev kvm games users ntp abuild utmp nogroup nobody usb bluetooth graphics log mtp
[2025-10-20 02:03:48] ✓ User p3plus group memberships retrieved
p3plus root bin daemon sys adm tty disk lp kmem wheel floppy mail news uucp cron audio cdrom dialout ftp sshd input tape video netdev kvm games users ntp abuild utmp nogroup nobody usb bluetooth graphics log mtp
[2025-10-20 02:03:49] Testing device access as user p3plus...
su: can't set groups: No such file or directory
[2025-10-20 02:03:50] ⚠ User p3plus may have limited device access
[2025-10-20 02:03:50] Verifying chroot system environment...
[2025-10-20 02:03:50]   Checking /dev/shm...
drwxrwxrwt 2 root root 40 Oct 20 01:57 /dev/shm
[2025-10-20 02:03:51]   ✓ /dev/shm exists and is accessible
[2025-10-20 02:03:51]   Checking /tmp...
drwxrwxrwt 3 root root 60 Oct 20 02:03 /tmp
[2025-10-20 02:03:52]   ✓ /tmp exists and is accessible
[2025-10-20 02:03:52]   Checking /tmp/runtime...
drwxrwxrwt 2 root root 40 Oct 20 01:57 /tmp/runtime
[2025-10-20 02:03:53]   ✓ /tmp/runtime exists and is accessible
[2025-10-20 02:03:53] Testing Android partition bind-mounts...
[2025-10-20 02:03:53]   Checking /system...
total 92
drwxr-xr-x 14 root root   4096 Dec 31  2008 .
drwxr-xr-x 37 root root   4096 Oct 20 02:01 ..
drwxr-xr-x  2 root root   4096 Dec 31  2008 apex
drwxr-xr-x 15 root root   4096 Dec 31  2008 app
[2025-10-20 02:03:54]   ✓ /system is accessible
[2025-10-20 02:03:54]   Checking /system_ext...
total 60
drwxr-xr-x 11 root root   4096 Dec 31  2008 .
drwxr-xr-x 37 root root   4096 Oct 20 02:01 ..
drwxr-xr-x 12 root root   4096 Dec 31  2008 app
drwxr-x--x  2 root shell  4096 Dec 31  2008 bin
[2025-10-20 02:03:56]   ✓ /system_ext is accessible
[2025-10-20 02:03:56]   Checking /vendor...
total 104
drwxr-xr-x 15 root shell  4096 Dec 31  2008 .
drwxr-xr-x 37 root root   4096 Oct 20 02:01 ..
drwxr-xr-x  8 root shell  4096 Dec 31  2008 app
drwxr-x--x  4 root shell  4096 Dec 31  2008 bin
[2025-10-20 02:03:57]   ✓ /vendor is accessible
[2025-10-20 02:03:57]   Checking /product...
total 52
drwxr-xr-x  9 root root  4096 Dec 31  2008 .
drwxr-xr-x 37 root root  4096 Oct 20 02:01 ..
drwxr-xr-x  9 root root  4096 Dec 31  2008 app
-rw-------  1 root root  1636 Dec 31  2008 build.prop
[2025-10-20 02:03:58]   ✓ /product is accessible
[2025-10-20 02:03:58] ✓ All system environment directories and device nodes verified
[2025-10-20 02:03:58] ✓ Installation testing completed successfully
[2025-10-20 02:03:58] === Deleting .rootfs folder ===
[2025-10-20 02:03:58] Found .rootfs folder at: /data/linuxdata/chroot-distro/.rootfs
[2025-10-20 02:03:58] Size of .rootfs folder: 3.8M
[2025-10-20 02:03:58] Deleting .rootfs folder...
[2025-10-20 02:03:58] ✓ Successfully deleted .rootfs folder
[2025-10-20 02:03:58] ✓ Freed up: 3.8M
[2025-10-20 02:03:58] ✓ .rootfs cleanup completed
[2025-10-20 02:03:58] === Creating persistent mount script ===
[2025-10-20 02:03:58] ✓ Created persistent mount script: /data/adb/service.d/alpine-mount.sh
[2025-10-20 02:03:58] Testing persistent mount script...
[2025-10-20 02:03:58] ✓ Persistent mount script is executable
[2025-10-20 02:03:58] 
[2025-10-20 02:03:58] === Setup Complete ===
[2025-10-20 02:03:58] Alpine Linux has been successfully installed to: /data/linuxdata/chroot-distro
[2025-10-20 02:03:58] Full log saved to: /storage/3454-7DC4/alpine_setup.log
[2025-10-20 02:03:58] Device setup log saved to: /data/dev-nodes-logs.log
[2025-10-20 02:03:58] The system will automatically mount and configure on reboot.
[2025-10-20 02:03:58] Setup completed successfully at Mon Oct 20 02:03:58 EDT 2025
[2025-10-20 02:03:58] ✓ Backup log created at /data/alpine_setup_backup.log
[2025-10-20 02:16:50] === Alpine Linux Setup with UNISOC Hardware Support ===
[2025-10-20 02:16:50] Script started with comprehensive logging enabled
[2025-10-20 02:16:50] Process ID: 3011
[2025-10-20 02:16:50] SD Card Path: /storage/3454-7DC4
[2025-10-20 02:16:50] Script Base: /storage/3454-7DC4
[2025-10-20 02:16:50] === Checking root access ===
[2025-10-20 02:16:50] ✓ Running as root user
[2025-10-20 02:16:50] Current user: root
[2025-10-20 02:16:50] Current UID: 
[2025-10-20 02:16:50] === Verifying helper scripts ===
[2025-10-20 02:16:50] ✓ Found: install_packages.sh
[2025-10-20 02:16:50] ✓ Found: setup-unisoc-hardware.sh
[2025-10-20 02:16:50] ✓ Found: install-unisoc-service.sh
[2025-10-20 02:16:50] ✓ Found: dev-nodes.sh
[2025-10-20 02:16:50] ✓ All helper scripts found
[2025-10-20 02:16:50] === Mounting linuxdata partition ===
[2025-10-20 02:16:50] ✓ Mount point already exists: /data/linuxdata
[2025-10-20 02:16:50] ✓ linuxdata partition already mounted
[2025-10-20 02:16:50] EXECUTING: df -h '/data/linuxdata'
Filesystem            Size  Used Avail Use% Mounted on
/dev/block/mmcblk0p77  54G   52M   54G   1% /data/linuxdata
[2025-10-20 02:16:50] SUCCESS: Command completed successfully
[2025-10-20 02:16:50] Mount verification:
[2025-10-20 02:16:50] EXECUTING: df -h '/data/linuxdata'
Filesystem            Size  Used Avail Use% Mounted on
/dev/block/mmcblk0p77  54G   52M   54G   1% /data/linuxdata
[2025-10-20 02:16:50] SUCCESS: Command completed successfully
[2025-10-20 02:16:50] EXECUTING: stat -f -c %T '/data/linuxdata'
ext3
[2025-10-20 02:16:50] SUCCESS: Command completed successfully
[2025-10-20 02:16:50] EXECUTING: ls -la '/data/linuxdata'
total 28
drwxr-xr-x  3 root   root    4096 2025-10-20 02:12 .
drwxrwx--x 52 system system  4096 2025-10-20 02:13 ..
drwx------  2 root   root   16384 2025-10-20 02:12 lost+found
[2025-10-20 02:16:50] SUCCESS: Command completed successfully
[2025-10-20 02:16:50] ✓ Write permissions verified
[2025-10-20 02:16:50] === Setting up chroot-distro environment ===
[2025-10-20 02:16:50] ✓ Set CHROOT_DISTRO_PATH=/data/linuxdata/chroot-distro
[2025-10-20 02:16:50] chroot-distro environment information:
[2025-10-20 02:16:50] EXECUTING: chroot-distro env
Script: /system/bin/chroot-distro
Version: 2.1.0
VersionCode: 17
md5 hash: 0d6f52524c601b6c968ce51d796b25f3
Toybox version: toybox 0.8.3-android
busybox => '/system/bin/busybox'
Busybox version: BusyBox v1.36.1-osm0sis (2023-09-02 19:01:41 ADT) multi-call binary.
chroot => '/system/bin/chroot'
lsof => 'busybox lsof'
Magisk installed (29.0:MAGISK:R)
Busybox for Android NDK Magisk module installed
Linux 4.14.193 #1 SMP PREEMPT Tue Jul 4 17:03:59 HKT 2023 aarch64 Android
PATH=/debug_ramdisk:/sbin:/sbin/su:/su/bin:/su/xbin:/system/bin:/system/xbin
[2025-10-20 02:16:51] SUCCESS: Command completed successfully
[2025-10-20 02:16:51] Current CHROOT_DISTRO_PATH: /data/linuxdata/chroot-distro
[2025-10-20 02:16:51] ℹ chroot-distro directory will be created during installation
[2025-10-20 02:16:51] === Downloading and installing Alpine Linux ===
[2025-10-20 02:16:51] Downloading Alpine Linux aarch64...
Distribution Name : Alpine Linux
Download Link : http://dl-cdn.alpinelinux.org/alpine/latest-stable/releases/aarch64/alpine-minirootfs-3.22.2-aarch64.tar.gz

Connecting to dl-cdn.alpinelinux.org (146.75.86.132:80)
saving to '/data/linuxdata/chroot-distro/.rootfs/alpine.tar.xz'
alpine.tar.xz         97% |******************************* | 3786k  0:00:00 ETA
alpine.tar.xz        100% |********************************| 3887k  0:00:00 ETA
'/data/linuxdata/chroot-distro/.rootfs/alpine.tar.xz' saved
[2025-10-20 02:16:52] ✓ Alpine Linux download completed successfully
[2025-10-20 02:16:52] Installing Alpine Linux to /data/linuxdata/chroot-distro...
[2025-10-20 02:16:52] NOTE: This may take 2-5 minutes. Progress monitoring enabled...
[2025-10-20 02:16:52] Starting Alpine installation process...
[2025-10-20 02:16:52] Installation process started (PID: 3297)
[2025-10-20 02:16:52]   Installation in progress... (0 seconds elapsed)
[2025-10-20 02:16:57] ⚠ Installation process terminated unexpectedly
[2025-10-20 02:16:57] Installation command completed, verifying...
[2025-10-20 02:16:58] ✓ Alpine directory exists
[2025-10-20 02:16:58]   ✓ /etc exists
[2025-10-20 02:16:58]   ✓ /bin exists
[2025-10-20 02:16:58]   ✓ /usr exists
[2025-10-20 02:16:58]   ✓ /var exists
[2025-10-20 02:16:58] Proceeding to chroot environment setup...
[2025-10-20 02:16:58] === Setting up chroot system environment and device nodes ===
[2025-10-20 02:16:58] Configuring device nodes and directories inside chroot at: /data/linuxdata/chroot-distro/alpine
[2025-10-20 02:16:58] Setting up /dev/shm inside chroot...
[2025-10-20 02:16:58] ✓ /data/linuxdata/chroot-distro/alpine/dev/shm already exists
[2025-10-20 02:16:58] ✓ Set /dev/shm permissions to 1777
[2025-10-20 02:16:58] Setting up /tmp inside chroot...
[2025-10-20 02:16:58] ✓ /data/linuxdata/chroot-distro/alpine/tmp already exists
[2025-10-20 02:16:58] ✓ Set /tmp permissions to 1777
[2025-10-20 02:16:58] Setting up /tmp/runtime inside chroot...
[2025-10-20 02:16:58] ✓ Created /tmp/runtime
[2025-10-20 02:16:58] ✓ Set /tmp/runtime permissions to 1777
[2025-10-20 02:16:58] Fixing device node permissions inside chroot...
[2025-10-20 02:16:58] ✓ Set /dev/null permissions to 666
[2025-10-20 02:16:58] ✓ Set /dev/zero permissions to 666
[2025-10-20 02:16:58] ✓ Set /dev/full permissions to 666
[2025-10-20 02:16:58] ✓ Set /dev/random permissions to 666
[2025-10-20 02:16:58] ✓ Set /dev/urandom permissions to 666
[2025-10-20 02:16:58] ✓ Set /dev/fuse permissions to 666
[2025-10-20 02:16:58] ✓ Set /dev/tty permissions to 666
[2025-10-20 02:16:58] ✓ Set /dev/ptmx permissions to 666
[2025-10-20 02:16:58] ✓ Set environment variables for chroot
[2025-10-20 02:16:58] ✓ Chroot system environment setup completed
[2025-10-20 02:16:58] === Bind-mounting Android system partitions ===
[2025-10-20 02:16:58] Creating mount point directories...
[2025-10-20 02:16:58] Bind-mounting /system...
[2025-10-20 02:16:58] ✓ /system already bind-mounted
[2025-10-20 02:16:58] Bind-mounting /system_ext...
[2025-10-20 02:16:59] ✓ /system_ext already bind-mounted
[2025-10-20 02:16:59] Bind-mounting /vendor...
[2025-10-20 02:16:59] ✓ /vendor already bind-mounted
[2025-10-20 02:16:59] Bind-mounting /product...
[2025-10-20 02:16:59] ✓ /product already bind-mounted
[2025-10-20 02:16:59] ✓ Android partition bind-mounting completed
[2025-10-20 02:16:59] Verifying Alpine installation...
[2025-10-20 02:16:59] EXECUTING: chroot-distro list -i
alpine
[2025-10-20 02:16:59] SUCCESS: Command completed successfully
[2025-10-20 02:16:59] ✓ Alpine Linux directory structure verified
[2025-10-20 02:16:59] EXECUTING: ls -la '/data/linuxdata/chroot-distro/alpine' | head -20
total 127
drwxr-xr-x  37 root   root       4096 2025-10-20 02:16 .
drwxr-xr-x   6 root   root       4096 2025-10-20 02:16 ..
dr-xr-xr-x  22 root   root          0 2025-10-20 02:13 acct
drwxr-xr-x  44 root   root        880 2025-10-20 02:13 apex
drwxr-xr-x   2 root   root       4096 2025-10-20 02:16 bin
drwxrwx---   8 system cache      4096 2025-10-20 02:13 cache
drwxr-xr-x   4 root   root          0 1969-12-31 19:00 config
drwxrwx--x  52 system system     4096 2025-10-20 02:13 data
drwx------   5 root   system      100 2025-10-20 02:13 data_mirror
drwx--x--x   3 root   root        200 2025-10-20 02:13 debug_ramdisk
drwxr-xr-x  24 root   root       3840 2025-10-20 02:16 dev
drwxr-xr-x  17 root   root       4096 2025-10-20 02:16 etc
drwxr-xr-x   2 root   root       4096 2025-10-08 05:29 home
drwxr-xr-x   6 root   root       4096 2025-10-20 02:16 lib
drwx------   2 root   root      16384 2008-12-31 19:00 lost+found
drwxr-xr-x   5 root   root       4096 2025-10-20 02:16 media
drwxr-xr-x  10 root   root       4096 1969-12-31 19:57 metadata
drwxr-xr-x  15 root   system      340 2025-10-20 02:13 mnt
drwxr-xr-x   2 root   root       4096 2008-12-31 19:00 odm
[2025-10-20 02:16:59] SUCCESS: Command completed successfully
[2025-10-20 02:16:59] === Installing comprehensive hardware support packages ===
[2025-10-20 02:16:59] Using package installation script from: /storage/3454-7DC4/install_packages.sh
[2025-10-20 02:16:59] Transferring install_packages.sh to Alpine /root...
[2025-10-20 02:17:00] ✓ Script transferred successfully
[2025-10-20 02:17:00] Making script executable...
[2025-10-20 02:17:01] ✓ Script made executable
[2025-10-20 02:17:01] Executing package installation in Alpine (this may take several minutes)...
[2025-10-20 02:17:01] Progress will be logged to /storage/3454-7DC4/alpine_setup.log
2025-10-20 06:17:02 - === Updating package database ===
2025-10-20 06:17:04 - === Installing Extra tools support ===
2025-10-20 06:17:04 - Installing: android-tools
2025-10-20 06:17:07 -   ✓ SUCCESS: android-tools
2025-10-20 06:17:07 - Installing: rng-tools
2025-10-20 06:17:08 -   ✓ SUCCESS: rng-tools
2025-10-20 06:17:08 - Installing: commons-daemon
2025-10-20 06:17:12 -   ✓ SUCCESS: commons-daemon
2025-10-20 06:17:12 - Installing: libcap
2025-10-20 06:17:13 -   ✓ SUCCESS: libcap
2025-10-20 06:17:13 - Installing: libcap-utils
2025-10-20 06:17:13 -   ✓ SUCCESS: libcap-utils
2025-10-20 06:17:13 - Installing: jsvc
2025-10-20 06:17:14 -   ✓ SUCCESS: jsvc
2025-10-20 06:17:14 - Installing: grep
2025-10-20 06:17:15 -   ✓ SUCCESS: grep
2025-10-20 06:17:15 - Installing: kmod
2025-10-20 06:17:16 -   ✓ SUCCESS: kmod
2025-10-20 06:17:16 - Installing: cronie
2025-10-20 06:17:17 -   ✓ SUCCESS: cronie
2025-10-20 06:17:17 - Installing: kbd
2025-10-20 06:17:18 -   ✓ SUCCESS: kbd
2025-10-20 06:17:18 - Installing: libcrypto3
2025-10-20 06:17:19 -   ✓ SUCCESS: libcrypto3
2025-10-20 06:17:19 - Installing: cryptsetup
2025-10-20 06:17:20 -   ✓ SUCCESS: cryptsetup
2025-10-20 06:17:20 - Installing: acl
2025-10-20 06:17:21 -   ✓ SUCCESS: acl
2025-10-20 06:17:21 - Installing: attr
2025-10-20 06:17:22 -   ✓ SUCCESS: attr
2025-10-20 06:17:22 - Installing: libmount
2025-10-20 06:17:23 -   ✓ SUCCESS: libmount
2025-10-20 06:17:23 - Installing: pcre2
2025-10-20 06:17:24 -   ✓ SUCCESS: pcre2
2025-10-20 06:17:24 - Installing: openssl
2025-10-20 06:17:25 -   ✓ SUCCESS: openssl
2025-10-20 06:17:25 - Installing: libblkid
2025-10-20 06:17:26 -   ✓ SUCCESS: libblkid
2025-10-20 06:17:26 - Installing: mdevd
2025-10-20 06:17:27 -   ✓ SUCCESS: mdevd
2025-10-20 06:17:27 - Installing: mdev-conf
2025-10-20 06:17:28 -   ✓ SUCCESS: mdev-conf
2025-10-20 06:17:28 - === Installing Development Tools and Build Dependencies ===
2025-10-20 06:17:28 - Installing: build-base
2025-10-20 06:17:32 -   ✓ SUCCESS: build-base
2025-10-20 06:17:32 - Installing: gcc
2025-10-20 06:17:33 -   ✓ SUCCESS: gcc
2025-10-20 06:17:33 - Installing: g++
2025-10-20 06:17:34 -   ✓ SUCCESS: g++
2025-10-20 06:17:34 - Installing: make
2025-10-20 06:17:35 -   ✓ SUCCESS: make
2025-10-20 06:17:35 - Installing: cmake
2025-10-20 06:17:37 -   ✓ SUCCESS: cmake
2025-10-20 06:17:37 - Installing: musl-dev
2025-10-20 06:17:37 -   ✓ SUCCESS: musl-dev
2025-10-20 06:17:37 - Installing: linux-headers
2025-10-20 06:17:39 -   ✓ SUCCESS: linux-headers
2025-10-20 06:17:39 - Installing: opencl-headers
2025-10-20 06:17:40 -   ✓ SUCCESS: opencl-headers
2025-10-20 06:17:40 - === Installing Core System Packages ===
2025-10-20 06:17:40 - Installing: eudev
2025-10-20 06:17:41 -   ✓ SUCCESS: eudev
2025-10-20 06:17:41 - Installing: eudev-libs
2025-10-20 06:17:42 -   ✓ SUCCESS: eudev-libs
2025-10-20 06:17:42 - Installing: util-linux
2025-10-20 06:17:43 -   ✓ SUCCESS: util-linux
2025-10-20 06:17:43 - Installing: coreutils
2025-10-20 06:17:44 -   ✓ SUCCESS: coreutils
2025-10-20 06:17:44 - Installing: parted
2025-10-20 06:17:45 -   ✓ SUCCESS: parted
2025-10-20 06:17:45 - Installing: gptfdisk
2025-10-20 06:17:46 -   ✓ SUCCESS: gptfdisk
2025-10-20 06:17:46 - Installing: mmc-utils
2025-10-20 06:17:47 -   ✓ SUCCESS: mmc-utils
2025-10-20 06:17:47 - Installing: busybox-extras
2025-10-20 06:17:48 -   ✓ SUCCESS: busybox-extras
2025-10-20 06:17:48 - === Installing Serial Communication Packages ===
2025-10-20 06:17:48 - Installing: setserial
2025-10-20 06:17:49 -   ✓ SUCCESS: setserial
2025-10-20 06:17:49 - Installing: minicom
2025-10-20 06:17:50 -   ✓ SUCCESS: minicom
2025-10-20 06:17:50 - Installing: screen
2025-10-20 06:17:51 -   ✓ SUCCESS: screen
2025-10-20 06:17:51 - Installing: socat
2025-10-20 06:17:52 -   ✓ SUCCESS: socat
2025-10-20 06:17:52 - Installing: agetty
2025-10-20 06:17:53 -   ✓ SUCCESS: agetty
2025-10-20 06:17:53 - Note: getty functionality provided by agetty
2025-10-20 06:17:53 - === Installing USB Support Packages ===
2025-10-20 06:17:53 - Installing: usbutils
2025-10-20 06:17:54 -   ✓ SUCCESS: usbutils
2025-10-20 06:17:54 - Installing: libusb
2025-10-20 06:17:55 -   ✓ SUCCESS: libusb
2025-10-20 06:17:55 - Installing: libusb-dev
2025-10-20 06:17:56 -   ✓ SUCCESS: libusb-dev
2025-10-20 06:17:56 - Installing: usb-modeswitch
2025-10-20 06:17:57 -   ✓ SUCCESS: usb-modeswitch
2025-10-20 06:17:57 - Note: usb-modeswitch includes necessary data files
2025-10-20 06:17:57 - Installing: udisks2
2025-10-20 06:17:59 -   ✓ SUCCESS: udisks2
2025-10-20 06:17:59 - Installing: udisks2-dev
2025-10-20 06:18:03 -   ✓ SUCCESS: udisks2-dev
2025-10-20 06:18:03 - === Installing Audio Support Packages ===
2025-10-20 06:18:03 - Installing: alsa-utils
2025-10-20 06:18:04 -   ✓ SUCCESS: alsa-utils
2025-10-20 06:18:04 - Installing: alsa-lib
2025-10-20 06:18:05 -   ✓ SUCCESS: alsa-lib
2025-10-20 06:18:05 - Installing: alsa-lib-dev
2025-10-20 06:18:06 -   ✓ SUCCESS: alsa-lib-dev
2025-10-20 06:18:06 - Installing: alsa-ucm-conf
2025-10-20 06:18:07 -   ✓ SUCCESS: alsa-ucm-conf
2025-10-20 06:18:07 - Installing: pulseaudio
2025-10-20 06:18:12 -   ✓ SUCCESS: pulseaudio
2025-10-20 06:18:12 - Installing: pulseaudio-alsa
2025-10-20 06:18:13 -   ✓ SUCCESS: pulseaudio-alsa
2025-10-20 06:18:13 - Installing: pipewire
2025-10-20 06:18:14 -   ✓ SUCCESS: pipewire
2025-10-20 06:18:14 - Installing: pipewire-alsa
2025-10-20 06:18:15 -   ✓ SUCCESS: pipewire-alsa
2025-10-20 06:18:15 - Installing: pipewire-pulse
2025-10-20 06:18:16 -   ✓ SUCCESS: pipewire-pulse
2025-10-20 06:18:16 - Installing: alsa-plugins-pulse
2025-10-20 06:18:17 -   ✓ SUCCESS: alsa-plugins-pulse
2025-10-20 06:18:17 - Installing: alsa-plugins-jack
2025-10-20 06:18:19 -   ✓ SUCCESS: alsa-plugins-jack
2025-10-20 06:18:19 - Installing: pavucontrol
2025-10-20 06:18:27 -   ✓ SUCCESS: pavucontrol
2025-10-20 06:18:27 - Installing: jack
2025-10-20 06:18:28 -   ✓ SUCCESS: jack
2025-10-20 06:18:28 - === Installing Video Support Packages ===
2025-10-20 06:18:28 - Installing: v4l-utils
2025-10-20 06:18:29 -   ✓ SUCCESS: v4l-utils
2025-10-20 06:18:29 - Installing: v4l-utils-dev
2025-10-20 06:18:30 -   ✓ SUCCESS: v4l-utils-dev
2025-10-20 06:18:30 - Installing: v4l-utils-libs
2025-10-20 06:18:31 -   ✓ SUCCESS: v4l-utils-libs
2025-10-20 06:18:31 - Note: libv4l and libv4l-dev are included in v4l-utils packages
2025-10-20 06:18:31 - Installing: ffmpeg
2025-10-20 06:18:33 -   ✓ SUCCESS: ffmpeg
2025-10-20 06:18:33 - Installing: ffmpeg-libs
2025-10-20 06:18:34 -   ✓ SUCCESS: ffmpeg-libs
2025-10-20 06:18:34 - Installing: libjpeg
2025-10-20 06:18:35 -   ✓ SUCCESS: libjpeg
2025-10-20 06:18:35 - Installing: libvpx
2025-10-20 06:18:36 -   ✓ SUCCESS: libvpx
2025-10-20 06:18:36 - === Installing Graphics Support Packages ===
2025-10-20 06:18:36 - Installing: libdrm
2025-10-20 06:18:37 -   ✓ SUCCESS: libdrm
2025-10-20 06:18:37 - Installing: libdrm-dev
2025-10-20 06:18:38 -   ✓ SUCCESS: libdrm-dev
2025-10-20 06:18:38 - Installing: mesa
2025-10-20 06:18:39 -   ✓ SUCCESS: mesa
2025-10-20 06:18:39 - Installing: mesa-dev
2025-10-20 06:18:43 -   ✓ SUCCESS: mesa-dev
2025-10-20 06:18:43 - Installing: mesa-dri-gallium
2025-10-20 06:18:44 -   ✓ SUCCESS: mesa-dri-gallium
2025-10-20 06:18:44 - Installing: mesa-gl
2025-10-20 06:18:44 -   ✓ SUCCESS: mesa-gl
2025-10-20 06:18:44 - Installing: mesa-gles
2025-10-20 06:18:45 -   ✓ SUCCESS: mesa-gles
2025-10-20 06:18:45 - Installing: mesa-egl
2025-10-20 06:18:46 -   ✓ SUCCESS: mesa-egl
2025-10-20 06:18:46 - Installing: mesa-gbm
2025-10-20 06:18:47 -   ✓ SUCCESS: mesa-gbm
2025-10-20 06:18:47 - Installing: mesa-utils
2025-10-20 06:18:48 -   ✓ SUCCESS: mesa-utils
2025-10-20 06:18:48 - Installing: mesa-demos
2025-10-20 06:18:49 -   ✓ SUCCESS: mesa-demos
2025-10-20 06:18:49 - === Installing Panfrost Driver for ARM Mali GPU ===
2025-10-20 06:18:49 - Installing: mesa-vulkan-panfrost
2025-10-20 06:18:51 -   ✓ SUCCESS: mesa-vulkan-panfrost
2025-10-20 06:18:51 - Panfrost vulkan driver installed for ARM Mali GPU support
2025-10-20 06:18:51 - === Installing Vulkan Support ===
2025-10-20 06:18:51 - Installing: mesa-vulkan-layers
2025-10-20 06:18:52 -   ✓ SUCCESS: mesa-vulkan-layers
2025-10-20 06:18:52 - Installing: vulkan-loader
2025-10-20 06:18:52 -   ✓ SUCCESS: vulkan-loader
2025-10-20 06:18:52 - Installing: vulkan-tools
2025-10-20 06:18:54 -   ✓ SUCCESS: vulkan-tools
2025-10-20 06:18:54 - Installing: sdl2
2025-10-20 06:18:55 -   ✓ SUCCESS: sdl2
2025-10-20 06:18:55 - Installing: sdl2-dev
2025-10-20 06:18:56 -   ✓ SUCCESS: sdl2-dev
2025-10-20 06:18:56 - === Installing X.org Server and Display Drivers ===
2025-10-20 06:18:56 - Installing: xorg-server
2025-10-20 06:18:58 -   ✓ SUCCESS: xorg-server
2025-10-20 06:18:58 - Installing: xvfb
2025-10-20 06:18:59 -   ✓ SUCCESS: xvfb
2025-10-20 06:18:59 - Installing: xf86-video-fbdev
2025-10-20 06:19:00 -   ✓ SUCCESS: xf86-video-fbdev
2025-10-20 06:19:00 - Installing: xf86-video-modesetting
2025-10-20 06:19:01 -   ✓ SUCCESS: xf86-video-modesetting
2025-10-20 06:19:01 - Installing: xf86-input-evdev
2025-10-20 06:19:02 -   ✓ SUCCESS: xf86-input-evdev
2025-10-20 06:19:02 - Installing: xf86-input-libinput
2025-10-20 06:19:03 -   ✓ SUCCESS: xf86-input-libinput
2025-10-20 06:19:03 - Installing: xinit
2025-10-20 06:19:04 -   ✓ SUCCESS: xinit
2025-10-20 06:19:04 - Installing: xrandr
2025-10-20 06:19:05 -   ✓ SUCCESS: xrandr
2025-10-20 06:19:05 - Installing: xset
2025-10-20 06:19:06 -   ✓ SUCCESS: xset
2025-10-20 06:19:07 - Installing: xprop
2025-10-20 06:19:08 -   ✓ SUCCESS: xprop
2025-10-20 06:19:08 - Installing: xdpyinfo
2025-10-20 06:19:09 -   ✓ SUCCESS: xdpyinfo
2025-10-20 06:19:09 - === Installing X11 Utilities ===
2025-10-20 06:19:09 - Installing: xauth
2025-10-20 06:19:09 -   ✓ SUCCESS: xauth
2025-10-20 06:19:09 - Installing: xhost
2025-10-20 06:19:10 -   ✓ SUCCESS: xhost
2025-10-20 06:19:10 - Installing: xmodmap
2025-10-20 06:19:11 -   ✓ SUCCESS: xmodmap
2025-10-20 06:19:11 - Installing: setxkbmap
2025-10-20 06:19:12 -   ✓ SUCCESS: setxkbmap
2025-10-20 06:19:12 - Installing: xdotool
2025-10-20 06:19:13 -   ✓ SUCCESS: xdotool
2025-10-20 06:19:13 - Installing from testing: wmctrl
2025-10-20 06:19:15 -   ✓ SUCCESS: wmctrl (testing)
2025-10-20 06:19:15 - Installing: conky
2025-10-20 06:19:16 -   ✓ SUCCESS: conky
2025-10-20 06:19:16 - === Installing Fluxbox Window Manager ===
2025-10-20 06:19:16 - Installing: fluxbox
2025-10-20 06:19:17 -   ✓ SUCCESS: fluxbox
2025-10-20 06:19:17 - Installing: xterm
2025-10-20 06:19:18 -   ✓ SUCCESS: xterm
2025-10-20 06:19:18 - Installing: font-terminus
2025-10-20 06:19:20 -   ✓ SUCCESS: font-terminus
2025-10-20 06:19:20 - Installing: ttf-dejavu
2025-10-20 06:19:22 -   ✓ SUCCESS: ttf-dejavu
2025-10-20 06:19:22 - Installing: ttf-liberation
2025-10-20 06:19:23 -   ✓ SUCCESS: ttf-liberation
2025-10-20 06:19:23 - Installing: font-noto
2025-10-20 06:19:25 -   ✓ SUCCESS: font-noto
2025-10-20 06:19:25 - === Installing Network Packages ===
2025-10-20 06:19:25 - Installing: iproute2
2025-10-20 06:19:26 -   ✓ SUCCESS: iproute2
2025-10-20 06:19:26 - Installing: net-tools
2025-10-20 06:19:27 -   ✓ SUCCESS: net-tools
2025-10-20 06:19:27 - Installing: wireless-tools
2025-10-20 06:19:28 -   ✓ SUCCESS: wireless-tools
2025-10-20 06:19:28 - Installing: iw
2025-10-20 06:19:29 -   ✓ SUCCESS: iw
2025-10-20 06:19:29 - Installing: wpa_supplicant
2025-10-20 06:19:30 -   ✓ SUCCESS: wpa_supplicant
2025-10-20 06:19:30 - Installing: hostapd
2025-10-20 06:19:31 -   ✓ SUCCESS: hostapd
2025-10-20 06:19:31 - Installing: dhcpcd
2025-10-20 06:19:32 -   ✓ SUCCESS: dhcpcd
2025-10-20 06:19:32 - Installing: ppp
2025-10-20 06:19:33 -   ✓ SUCCESS: ppp
2025-10-20 06:19:33 - Installing: openssh-client
2025-10-20 06:19:34 -   ✓ SUCCESS: openssh-client
2025-10-20 06:19:34 - Installing: curl
2025-10-20 06:19:35 -   ✓ SUCCESS: curl
2025-10-20 06:19:35 - Installing: wget
2025-10-20 06:19:37 -   ✓ SUCCESS: wget
2025-10-20 06:19:37 - === Installing Modem/Cellular Packages ===
2025-10-20 06:19:37 - Installing: modemmanager
2025-10-20 06:19:38 -   ✓ SUCCESS: modemmanager
2025-10-20 06:19:38 - Installing: libqmi
2025-10-20 06:19:39 -   ✓ SUCCESS: libqmi
2025-10-20 06:19:39 - Installing: libmbim
2025-10-20 06:19:40 -   ✓ SUCCESS: libmbim
2025-10-20 06:19:40 - Installing: networkmanager
2025-10-20 06:19:41 -   ✓ SUCCESS: networkmanager
2025-10-20 06:19:41 - Installing: networkmanager-wifi
2025-10-20 06:19:42 -   ✓ SUCCESS: networkmanager-wifi
2025-10-20 06:19:42 - Installing: networkmanager-wwan
2025-10-20 06:19:43 -   ✓ SUCCESS: networkmanager-wwan
2025-10-20 06:19:43 - Installing: mobile-broadband-provider-info
2025-10-20 06:19:44 -   ✓ SUCCESS: mobile-broadband-provider-info
2025-10-20 06:19:44 - === Installing Input Device Packages ===
2025-10-20 06:19:44 - Installing: libinput
2025-10-20 06:19:45 -   ✓ SUCCESS: libinput
2025-10-20 06:19:45 - Installing: libinput-dev
2025-10-20 06:19:46 -   ✓ SUCCESS: libinput-dev
2025-10-20 06:19:46 - Installing: evtest
2025-10-20 06:19:47 -   ✓ SUCCESS: evtest
2025-10-20 06:19:47 - Note: input-utils not available, evtest provides similar functionality
2025-10-20 06:19:47 - Installing: libevdev
2025-10-20 06:19:48 -   ✓ SUCCESS: libevdev
2025-10-20 06:19:48 - Installing: libevdev-dev
2025-10-20 06:19:49 -   ✓ SUCCESS: libevdev-dev
2025-10-20 06:19:49 - Installing: xf86-input-libinput
2025-10-20 06:19:50 -   ✓ SUCCESS: xf86-input-libinput
2025-10-20 06:19:50 - === Installing Sensor Packages ===
2025-10-20 06:19:50 - Attempting to install libiio from testing repository...
2025-10-20 06:19:50 - Installing from testing: libiio
2025-10-20 06:19:51 -   ✓ SUCCESS: libiio (testing)
2025-10-20 06:19:51 - Installing from testing: libiio-dev
2025-10-20 06:19:53 -   ✓ SUCCESS: libiio-dev (testing)
2025-10-20 06:19:53 - Installing: iio-sensor-proxy
2025-10-20 06:19:54 -   ✓ SUCCESS: iio-sensor-proxy
2025-10-20 06:19:54 - Installing: lm-sensors
2025-10-20 06:19:55 -   ✓ SUCCESS: lm-sensors
2025-10-20 06:19:55 - Installing: i2c-tools
2025-10-20 06:19:56 -   ✓ SUCCESS: i2c-tools
2025-10-20 06:19:56 - === Installing GPIO Packages ===
2025-10-20 06:19:56 - Installing: libgpiod
2025-10-20 06:19:57 -   ✓ SUCCESS: libgpiod
2025-10-20 06:19:57 - Installing: libgpiod-dev
2025-10-20 06:19:58 -   ✓ SUCCESS: libgpiod-dev
2025-10-20 06:19:58 - Note: gpiod tools are included in libgpiod package
2025-10-20 06:19:58 - Installing: python3
2025-10-20 06:19:59 -   ✓ SUCCESS: python3
2025-10-20 06:19:59 - Installing: python3-dev
2025-10-20 06:20:00 -   ✓ SUCCESS: python3-dev
2025-10-20 06:20:00 - Installing: py3-pip
2025-10-20 06:20:02 -   ✓ SUCCESS: py3-pip
2025-10-20 06:20:02 - === Installing I2C Packages ===
2025-10-20 06:20:02 - Installing: i2c-tools
2025-10-20 06:20:02 -   ✓ SUCCESS: i2c-tools
2025-10-20 06:20:02 - Installing: py3-smbus
2025-10-20 06:20:03 -   ✓ SUCCESS: py3-smbus
2025-10-20 06:20:03 - === Installing SPI Packages ===
2025-10-20 06:20:03 - Installing: spi-tools
2025-10-20 06:20:04 -   ✓ SUCCESS: spi-tools
2025-10-20 06:20:04 - Installing spidev via pip...
2025-10-20 06:20:12 -   ✓ SUCCESS: spidev (via pip)
2025-10-20 06:20:12 - === Installing System Utilities ===
2025-10-20 06:20:12 - Installing: rng-tools
2025-10-20 06:20:13 -   ✓ SUCCESS: rng-tools
2025-10-20 06:20:13 - Installing: haveged
2025-10-20 06:20:14 -   ✓ SUCCESS: haveged
2025-10-20 06:20:14 - Attempting to install watchdog from testing...
2025-10-20 06:20:14 - Installing from testing: watchdog
2025-10-20 06:20:16 -   ✓ SUCCESS: watchdog (testing)
2025-10-20 06:20:16 - Attempting to install device tree compiler (dtc) from community...
2025-10-20 06:20:17 -   ✓ SUCCESS: dtc
2025-10-20 06:20:17 - Installing: dmidecode
2025-10-20 06:20:18 -   ✓ SUCCESS: dmidecode
2025-10-20 06:20:18 - Installing: htop
2025-10-20 06:20:20 -   ✓ SUCCESS: htop
2025-10-20 06:20:20 - Installing: nano
2025-10-20 06:20:21 -   ✓ SUCCESS: nano
2025-10-20 06:20:21 - Installing: vim
2025-10-20 06:20:22 -   ✓ SUCCESS: vim
2025-10-20 06:20:22 - Installing: dbus
2025-10-20 06:20:23 -   ✓ SUCCESS: dbus
2025-10-20 06:20:23 - Installing: dbus-x11
2025-10-20 06:20:24 -   ✓ SUCCESS: dbus-x11
2025-10-20 06:20:24 - Installing: polkit
2025-10-20 06:20:25 -   ✓ SUCCESS: polkit
2025-10-20 06:20:25 - Installing: sudo
2025-10-20 06:20:26 -   ✓ SUCCESS: sudo
2025-10-20 06:20:26 - Installing: upower
2025-10-20 06:20:27 -   ✓ SUCCESS: upower
2025-10-20 06:20:27 - Installing: tlp
2025-10-20 06:20:29 -   ✓ SUCCESS: tlp
2025-10-20 06:20:29 - === RTC Support ===
2025-10-20 06:20:29 - Note: hwclock is provided by util-linux (already installed)
2025-10-20 06:20:29 - === Installing Bluetooth ===
2025-10-20 06:20:29 - Installing: bluez
2025-10-20 06:20:30 -   ✓ SUCCESS: bluez
2025-10-20 06:20:30 - Installing: bluez-deprecated
2025-10-20 06:20:32 -   ✓ SUCCESS: bluez-deprecated
2025-10-20 06:20:32 - Installing: bluez-obexd
2025-10-20 06:20:33 -   ✓ SUCCESS: bluez-obexd
2025-10-20 06:20:33 - Installing: bluez-meshctl
2025-10-20 06:20:34 -   ✓ SUCCESS: bluez-meshctl
2025-10-20 06:20:34 - Installing: bluez-alsa
2025-10-20 06:20:35 -   ✓ SUCCESS: bluez-alsa
2025-10-20 06:20:35 - Installing: openobex
2025-10-20 06:20:36 -   ✓ SUCCESS: openobex
2025-10-20 06:20:36 - === Installing Desktop Applications ===
2025-10-20 06:20:36 - Installing: pcmanfm
2025-10-20 06:20:38 -   ✓ SUCCESS: pcmanfm
2025-10-20 06:20:38 - Installing: feh
2025-10-20 06:20:39 -   ✓ SUCCESS: feh
2025-10-20 06:20:39 - Installing: vlc
2025-10-20 06:20:42 -   ✓ SUCCESS: vlc
2025-10-20 06:20:42 - === Installing Flatpak Support ===
2025-10-20 06:20:42 - Installing: flatpak
2025-10-20 06:20:44 -   ✓ SUCCESS: flatpak
2025-10-20 06:20:44 - Installing: xdg-desktop-portal
2025-10-20 06:20:45 -   ✓ SUCCESS: xdg-desktop-portal
2025-10-20 06:20:45 - Installing: xdg-desktop-portal-gtk
2025-10-20 06:20:46 -   ✓ SUCCESS: xdg-desktop-portal-gtk
2025-10-20 06:20:46 - Installing: xdg-utils
2025-10-20 06:20:47 -   ✓ SUCCESS: xdg-utils
2025-10-20 06:20:47 - Enabling FUSE support for Flatpak...
2025-10-20 06:20:47 -   ⚠ FUSE service enable skipped (may already be enabled)
2025-10-20 06:20:47 - === Installing Archive Tools ===
2025-10-20 06:20:47 - Installing: zip
2025-10-20 06:20:48 -   ✓ SUCCESS: zip
2025-10-20 06:20:48 - Installing: unzip
2025-10-20 06:20:49 -   ✓ SUCCESS: unzip
2025-10-20 06:20:49 - Installing: tar
2025-10-20 06:20:50 -   ✓ SUCCESS: tar
2025-10-20 06:20:50 - Installing: gzip
2025-10-20 06:20:51 -   ✓ SUCCESS: gzip
2025-10-20 06:20:51 - Installing: bzip2
2025-10-20 06:20:52 -   ✓ SUCCESS: bzip2
2025-10-20 06:20:52 - Installing: xz
2025-10-20 06:20:53 -   ✓ SUCCESS: xz
2025-10-20 06:20:53 - === Package Installation Completed at Mon Oct 20 06:20:53 UTC 2025 ===
2025-10-20 06:20:53 - Check /data/package_install.log for detailed installation log

==========================================
Installation Summary
==========================================
Total packages installed: 780

Log file: /data/package_install.log
==========================================

[2025-10-20 02:20:53] ✓ Package installation completed
[2025-10-20 02:20:53] ✓ Hardware packages installation process completed
[2025-10-20 02:20:53] === Installing UNISOC Hardware Script and Service ===
[2025-10-20 02:20:53] Transferring setup-unisoc-hardware.sh to Alpine...
[2025-10-20 02:20:54] ✓ UNISOC script transferred successfully
[2025-10-20 02:20:54] Making UNISOC script executable...
[2025-10-20 02:20:55] ✓ UNISOC script made executable
[2025-10-20 02:20:55] Transferring install-unisoc-service.sh to Alpine...
[2025-10-20 02:20:56] ✓ Service script transferred successfully
[2025-10-20 02:20:56] Making service script executable...
[2025-10-20 02:20:57] ✓ Service script made executable
[2025-10-20 02:20:57] Preparing OpenRC environment for chroot...
[2025-10-20 02:20:58] Installing UNISOC OpenRC service...
=== Installing UNISOC Hardware Service ===
/root/install-unisoc-service.sh: line 7: can't create /etc/init.d/unisoc-hardware: nonexistent directory
chmod: cannot access '/etc/init.d/unisoc-hardware': No such file or directory
/root/install-unisoc-service.sh: line 33: rc-update: not found
⚠ Failed to enable UNISOC hardware service
/root/install-unisoc-service.sh: line 40: rc-service: not found
⚠ Service may have already been started or encountered issues
=== Service installation complete ===
[2025-10-20 02:20:59] ✓ UNISOC service installation completed
[2025-10-20 02:20:59] Verifying OpenRC service installation...
Service status check completed
[2025-10-20 02:21:00] ✓ UNISOC hardware and service installation completed
[2025-10-20 02:21:00] === Setting up D-Bus integration for Fluxbox ===
[2025-10-20 02:21:00] Verifying D-Bus configuration...
dbus-x11-1.16.2-r1 description:
X11 add-ons for D-BUS

dbus-x11-1.16.2-r1 webpage:
https://www.freedesktop.org/Software/dbus

dbus-x11-1.16.2-r1 installed size:
65 KiB

[2025-10-20 02:21:02] ✓ dbus-x11 package is installed (provides dbus-run-session)
[2025-10-20 02:21:02] Verifying D-Bus system service...
-sh: rc-status: not found
Checking D-Bus...
[2025-10-20 02:21:03] ✓ D-Bus system service configuration verified
[2025-10-20 02:21:03] ✓ D-Bus integration verification completed
[2025-10-20 02:21:03] === Creating default user p3plus ===
id: ‘p3plus’: no such user: Invalid argument
[2025-10-20 02:21:04] Creating user p3plus...
[2025-10-20 02:21:05] ✓ User p3plus created successfully
[2025-10-20 02:21:05] Adding p3plus to system groups...
[2025-10-20 02:21:06]   ✓ Added p3plus to root group
[2025-10-20 02:21:07]   ✓ Added p3plus to bin group
[2025-10-20 02:21:08]   ✓ Added p3plus to daemon group
[2025-10-20 02:21:09]   ✓ Added p3plus to sys group
[2025-10-20 02:21:10]   ✓ Added p3plus to adm group
[2025-10-20 02:21:11]   ✓ Added p3plus to tty group
[2025-10-20 02:21:12]   ✓ Added p3plus to disk group
[2025-10-20 02:21:13]   ✓ Added p3plus to lp group
[2025-10-20 02:21:14]   ✓ Added p3plus to mem group
[2025-10-20 02:21:16]   ✓ Added p3plus to kmem group
[2025-10-20 02:21:17]   ✓ Added p3plus to wheel group
[2025-10-20 02:21:18]   ✓ Added p3plus to floppy group
[2025-10-20 02:21:19]   ✓ Added p3plus to mail group
[2025-10-20 02:21:20]   ✓ Added p3plus to news group
[2025-10-20 02:21:21]   ✓ Added p3plus to uucp group
[2025-10-20 02:21:22]   ✓ Added p3plus to man group
[2025-10-20 02:21:23]   ✓ Added p3plus to cron group
[2025-10-20 02:21:24]   ✓ Added p3plus to console group
[2025-10-20 02:21:25]   ✓ Added p3plus to audio group
[2025-10-20 02:21:26]   ✓ Added p3plus to cdrom group
[2025-10-20 02:21:27]   ✓ Added p3plus to dialout group
[2025-10-20 02:21:28]   ✓ Added p3plus to ftp group
[2025-10-20 02:21:29]   ✓ Added p3plus to sshd group
[2025-10-20 02:21:30]   ✓ Added p3plus to at group
[2025-10-20 02:21:31]   ✓ Added p3plus to tape group
[2025-10-20 02:21:32]   ✓ Added p3plus to video group
[2025-10-20 02:21:33]   ✓ Added p3plus to netdev group
[2025-10-20 02:21:34]   ✓ Added p3plus to readproc group
[2025-10-20 02:21:35]   ✓ Added p3plus to squid group
[2025-10-20 02:21:36]   ✓ Added p3plus to gdm group
[2025-10-20 02:21:37]   ✓ Added p3plus to xfs group
[2025-10-20 02:21:38]   ✓ Added p3plus to kvm group
[2025-10-20 02:21:39]   ✓ Added p3plus to games group
[2025-10-20 02:21:40]   ✓ Added p3plus to named group
[2025-10-20 02:21:41]   ✓ Added p3plus to mysql group
[2025-10-20 02:21:42]   ✓ Added p3plus to postgres group
[2025-10-20 02:21:43]   ✓ Added p3plus to cdrw group
[2025-10-20 02:21:44]   ✓ Added p3plus to apache group
[2025-10-20 02:21:45]   ✓ Added p3plus to nut group
[2025-10-20 02:21:46]   ✓ Added p3plus to usb group
[2025-10-20 02:21:47]   ✓ Added p3plus to avahi group
[2025-10-20 02:21:48]   ✓ Added p3plus to vpopmail group
[2025-10-20 02:21:49]   ✓ Added p3plus to users group
[2025-10-20 02:21:50]   ✓ Added p3plus to ntp group
[2025-10-20 02:21:51]   ✓ Added p3plus to nofiles group
[2025-10-20 02:21:52]   ✓ Added p3plus to qmail group
[2025-10-20 02:21:53]   ✓ Added p3plus to postfix group
[2025-10-20 02:21:54]   ✓ Added p3plus to postdrop group
[2025-10-20 02:21:55]   ✓ Added p3plus to smmsp group
[2025-10-20 02:21:56]   ✓ Added p3plus to slocate group
[2025-10-20 02:21:57]   ✓ Added p3plus to abuild group
[2025-10-20 02:21:58]   ✓ Added p3plus to utmp group
[2025-10-20 02:21:59]   ✓ Added p3plus to nogroup group
[2025-10-20 02:22:00]   ✓ Added p3plus to nobody group
[2025-10-20 02:22:01]   ✓ Added p3plus to input group
[2025-10-20 02:22:02]   ✓ Added p3plus to bluetooth group
[2025-10-20 02:22:03]   ✓ Added p3plus to graphics group
[2025-10-20 02:22:04]   ✓ Added p3plus to log group
[2025-10-20 02:22:05]   ✓ Added p3plus to mount group
[2025-10-20 02:22:06]   ✓ Added p3plus to wifi group
[2025-10-20 02:22:07]   ✓ Added p3plus to install group
[2025-10-20 02:22:08]   ✓ Added p3plus to dhcp group
[2025-10-20 02:22:09]   ✓ Added p3plus to media_rw group
[2025-10-20 02:22:10]   ✓ Added p3plus to mtp group
[2025-10-20 02:22:11]   ✓ Added p3plus to drmrpc group
[2025-10-20 02:22:12]   ✓ Added p3plus to shell group
[2025-10-20 02:22:13]   ✓ Added p3plus to cache group
[2025-10-20 02:22:14]   ✓ Added p3plus to diag group
[2025-10-20 02:22:14] Configuring sudo access for p3plus...
[2025-10-20 02:22:17] ✓ User p3plus configured with Fluxbox and D-Bus support
[2025-10-20 02:22:17] Note: To set password, run: chroot-distro command alpine 'passwd p3plus'
[2025-10-20 02:22:17] === Copying droid folder from SD card ===
[2025-10-20 02:22:17] Source: /storage/3454-7DC4/droid
[2025-10-20 02:22:17] Destination: /data/linuxdata/chroot-distro/alpine/home/p3plus/droid
[2025-10-20 02:22:17] Copying droid folder...
[2025-10-20 02:22:18] ✓ Successfully copied droid folder
[2025-10-20 02:22:18] Setting ownership of droid folder to p3plus...
[2025-10-20 02:22:19] ✓ Ownership set to p3plus
[2025-10-20 02:22:19] ✓ droid folder copied successfully (size: 79M)
[2025-10-20 02:22:19] === Running device nodes and permissions setup ===
[2025-10-20 02:22:19] Executing device nodes script from: /storage/3454-7DC4/dev-nodes.sh
[2025-10-20 02:22:19] Setting SD_MOUNT=/storage/3454-7DC4 and USER=p3plus
[2025-10-20 02:22:19] Executing device nodes setup (this may take a few minutes)...
Using busybox from /bin/busybox
=========================================
Device Permission Setup Script
Started: Mon Oct 20 02:22:20 EDT 2025
Log file: /data/dev-nodes-logs.log
Environment: Linux localhost 4.14.193 #1 SMP PREEMPT Tue Jul 4 17:03:59 HKT 2023 aarch64 GNU/Linux
Busybox: /bin/busybox
=========================================
Current user: p3plus
Setting up Alpine Linux groups...
Group root already exists
Group bin already exists
Group daemon already exists
Group sys already exists
Group adm already exists
Group tty already exists
Group disk already exists
Group lp already exists
Creating group: mem (GID: 8)
✓ Group mem created successfully
Group kmem already exists
Group wheel already exists
Group floppy already exists
Group mail already exists
Group news already exists
Group uucp already exists
Creating group: man (GID: 15)
✓ Group man created successfully
Group cron already exists
Creating group: console (GID: 17)
✓ Group console created successfully
Group audio already exists
Group cdrom already exists
Group dialout already exists
Group ftp already exists
Group sshd already exists
Creating group: at (GID: 25)
✓ Group at created successfully
Group tape already exists
Group video already exists
Group netdev already exists
Creating group: readproc (GID: 30)
✓ Group readproc created successfully
Creating group: squid (GID: 31)
✓ Group squid created successfully
Creating group: gdm (GID: 32)
✓ Group gdm created successfully
Creating group: xfs (GID: 33)
✓ Group xfs created successfully
Group kvm already exists
Group games already exists
Creating group: named (GID: 40)
✓ Group named created successfully
Creating group: mysql (GID: 60)
✓ Group mysql created successfully
Creating group: postgres (GID: 70)
✓ Group postgres created successfully
Creating group: cdrw (GID: 80)
✓ Group cdrw created successfully
Creating group: apache (GID: 81)
✓ Group apache created successfully
Creating group: nut (GID: 84)
✓ Group nut created successfully
Creating group: usb (GID: 85)
✓ Group usb created successfully
Creating group: avahi (GID: 86)
✓ Group avahi created successfully
Creating group: vpopmail (GID: 89)
✓ Group vpopmail created successfully
Group users already exists
Group ntp already exists
Creating group: nofiles (GID: 200)
✓ Group nofiles created successfully
Creating group: qmail (GID: 201)
✓ Group qmail created successfully
Creating group: postfix (GID: 207)
✓ Group postfix created successfully
Creating group: postdrop (GID: 208)
✓ Group postdrop created successfully
Creating group: smmsp (GID: 209)
✓ Group smmsp created successfully
Creating group: slocate (GID: 245)
✓ Group slocate created successfully
Group abuild already exists
Group utmp already exists
Group nogroup already exists
Group nobody already exists
Group input already exists
Creating group: bluetooth (GID: 3003)
✓ Group bluetooth created successfully
Creating group: graphics (GID: 1003)
✓ Group graphics created successfully
Creating group: log (GID: 1007)
✓ Group log created successfully
Creating group: mount (GID: 1009)
✓ Group mount created successfully
Creating group: wifi (GID: 1010)
✓ Group wifi created successfully
Creating group: install (GID: 1012)
✓ Group install created successfully
Creating group: dhcp (GID: 1014)
✓ Group dhcp created successfully
Creating group: media_rw (GID: 1023)
✓ Group media_rw created successfully
Creating group: mtp (GID: 1024)
✓ Group mtp created successfully
Creating group: drmrpc (GID: 1026)
✓ Group drmrpc created successfully
Creating group: shell (GID: 2000)
✓ Group shell created successfully
Creating group: cache (GID: 2001)
✓ Group cache created successfully
Creating group: diag (GID: 2002)
✓ Group diag created successfully
Setting up device permissions...
Device not found: /dev/loop0
Device not found: /dev/loop1
Device not found: /dev/loop2
Device not found: /dev/loop3
Device not found: /dev/loop4
Device not found: /dev/loop5
Device not found: /dev/loop6
Setting up: /dev/loop-control -> disk:666
  ✓ Permissions set to 666
  ✓ Group ownership set to disk
Setting up: /dev/ttyGS0 -> dialout:666
  ✓ Permissions set to 666
  ✓ Group ownership set to dialout
Setting up: /dev/ttyGS1 -> dialout:666
  ✓ Permissions set to 666
  ✓ Group ownership set to dialout
Setting up: /dev/ttyGS2 -> dialout:666
  ✓ Permissions set to 666
  ✓ Group ownership set to dialout
Setting up: /dev/ttyGS3 -> dialout:666
  ✓ Permissions set to 666
  ✓ Group ownership set to dialout
Setting up: /dev/ttyGS4 -> dialout:666
  ✓ Permissions set to 666
  ✓ Group ownership set to dialout
Setting up: /dev/ttyGS5 -> dialout:666
  ✓ Permissions set to 666
  ✓ Group ownership set to dialout
Setting up: /dev/ttyGS6 -> dialout:666
  ✓ Permissions set to 666
  ✓ Group ownership set to dialout
Setting up: /dev/ttyGS7 -> dialout:666
  ✓ Permissions set to 666
  ✓ Group ownership set to dialout
Device not found: /dev/ttyS0
Setting up: /dev/ttyS1 -> dialout:666
  ✓ Permissions set to 666
  ✓ Group ownership set to dialout
Setting up: /dev/ttyBT0 -> dialout:666
  ✓ Permissions set to 666
  ✓ Group ownership set to dialout
Setting up: /dev/ttyBT1 -> dialout:666
  ✓ Permissions set to 666
  ✓ Group ownership set to dialout
Setting up: /dev/tty -> tty:666
  ✓ Permissions set to 666
  ✓ Group ownership set to tty
Setting up: /dev/console -> tty:620
  ✓ Permissions set to 620
  ✓ Group ownership set to tty
Setting up: /dev/spipe_lte0 -> dialout:666
  ✓ Permissions set to 666
  ✓ Group ownership set to dialout
Setting up: /dev/spipe_lte1 -> dialout:666
  ✓ Permissions set to 666
  ✓ Group ownership set to dialout
Setting up: /dev/spipe_lte2 -> dialout:666
  ✓ Permissions set to 666
  ✓ Group ownership set to dialout
Setting up: /dev/spipe_lte3 -> dialout:666
  ✓ Permissions set to 666
  ✓ Group ownership set to dialout
Setting up: /dev/spipe_lte4 -> dialout:666
  ✓ Permissions set to 666
  ✓ Group ownership set to dialout
Setting up: /dev/spipe_lte5 -> dialout:666
  ✓ Permissions set to 666
  ✓ Group ownership set to dialout
Setting up: /dev/spipe_lte6 -> dialout:666
  ✓ Permissions set to 666
  ✓ Group ownership set to dialout
Setting up: /dev/spipe_lte7 -> dialout:666
  ✓ Permissions set to 666
  ✓ Group ownership set to dialout
Setting up: /dev/spipe_lte8 -> dialout:666
  ✓ Permissions set to 666
  ✓ Group ownership set to dialout
Setting up: /dev/spipe_lte9 -> dialout:666
  ✓ Permissions set to 666
  ✓ Group ownership set to dialout
Setting up: /dev/spipe_lte10 -> dialout:666
  ✓ Permissions set to 666
  ✓ Group ownership set to dialout
Setting up: /dev/spipe_lte11 -> dialout:666
  ✓ Permissions set to 666
  ✓ Group ownership set to dialout
Setting up: /dev/spipe_lte12 -> dialout:666
  ✓ Permissions set to 666
  ✓ Group ownership set to dialout
Setting up: /dev/spipe_lte13 -> dialout:666
  ✓ Permissions set to 666
  ✓ Group ownership set to dialout
Setting up: /dev/spipe_lte14 -> dialout:666
  ✓ Permissions set to 666
  ✓ Group ownership set to dialout
Setting up: /dev/stty_lte0 -> dialout:666
  ✓ Permissions set to 666
  ✓ Group ownership set to dialout
Setting up: /dev/stty_lte1 -> dialout:666
  ✓ Permissions set to 666
  ✓ Group ownership set to dialout
Setting up: /dev/stty_lte2 -> dialout:666
  ✓ Permissions set to 666
  ✓ Group ownership set to dialout
Setting up: /dev/stty_lte3 -> dialout:666
  ✓ Permissions set to 666
  ✓ Group ownership set to dialout
Setting up: /dev/stty_lte4 -> dialout:666
  ✓ Permissions set to 666
  ✓ Group ownership set to dialout
Setting up: /dev/stty_lte5 -> dialout:666
  ✓ Permissions set to 666
  ✓ Group ownership set to dialout
Setting up: /dev/stty_lte6 -> dialout:666
  ✓ Permissions set to 666
  ✓ Group ownership set to dialout
Setting up: /dev/stty_lte7 -> dialout:666
  ✓ Permissions set to 666
  ✓ Group ownership set to dialout
Setting up: /dev/stty_lte8 -> dialout:666
  ✓ Permissions set to 666
  ✓ Group ownership set to dialout
Setting up: /dev/stty_lte9 -> dialout:666
  ✓ Permissions set to 666
  ✓ Group ownership set to dialout
Setting up: /dev/stty_lte10 -> dialout:666
  ✓ Permissions set to 666
  ✓ Group ownership set to dialout
Setting up: /dev/stty_lte11 -> dialout:666
  ✓ Permissions set to 666
  ✓ Group ownership set to dialout
Setting up: /dev/stty_lte12 -> dialout:666
  ✓ Permissions set to 666
  ✓ Group ownership set to dialout
Setting up: /dev/stty_lte13 -> dialout:666
  ✓ Permissions set to 666
  ✓ Group ownership set to dialout
Setting up: /dev/stty_lte14 -> dialout:666
  ✓ Permissions set to 666
  ✓ Group ownership set to dialout
Setting up: /dev/stty_lte15 -> dialout:666
  ✓ Permissions set to 666
  ✓ Group ownership set to dialout
Setting up: /dev/stty_lte16 -> dialout:666
  ✓ Permissions set to 666
  ✓ Group ownership set to dialout
Setting up: /dev/stty_lte17 -> dialout:666
  ✓ Permissions set to 666
  ✓ Group ownership set to dialout
Setting up: /dev/stty_lte18 -> dialout:666
  ✓ Permissions set to 666
  ✓ Group ownership set to dialout
Setting up: /dev/stty_lte19 -> dialout:666
  ✓ Permissions set to 666
  ✓ Group ownership set to dialout
Setting up: /dev/stty_lte20 -> dialout:666
  ✓ Permissions set to 666
  ✓ Group ownership set to dialout
Setting up: /dev/stty_lte21 -> dialout:666
  ✓ Permissions set to 666
  ✓ Group ownership set to dialout
Setting up: /dev/stty_lte22 -> dialout:666
  ✓ Permissions set to 666
  ✓ Group ownership set to dialout
Setting up: /dev/stty_lte23 -> dialout:666
  ✓ Permissions set to 666
  ✓ Group ownership set to dialout
Setting up: /dev/stty_lte24 -> dialout:666
  ✓ Permissions set to 666
  ✓ Group ownership set to dialout
Setting up: /dev/stty_lte25 -> dialout:666
  ✓ Permissions set to 666
  ✓ Group ownership set to dialout
Setting up: /dev/stty_lte26 -> dialout:666
  ✓ Permissions set to 666
  ✓ Group ownership set to dialout
Setting up: /dev/stty_lte27 -> dialout:666
  ✓ Permissions set to 666
  ✓ Group ownership set to dialout
Setting up: /dev/stty_lte28 -> dialout:666
  ✓ Permissions set to 666
  ✓ Group ownership set to dialout
Setting up: /dev/stty_lte29 -> dialout:666
  ✓ Permissions set to 666
  ✓ Group ownership set to dialout
Setting up: /dev/stty_lte30 -> dialout:666
  ✓ Permissions set to 666
  ✓ Group ownership set to dialout
Setting up: /dev/stty_lte31 -> dialout:666
  ✓ Permissions set to 666
  ✓ Group ownership set to dialout
Setting up: /dev/sdiag_lte -> dialout:666
  ✓ Permissions set to 666
  ✓ Group ownership set to dialout
Setting up: /dev/usb_accessory -> usb:666
  ✓ Permissions set to 666
  ✓ Group ownership set to usb
Setting up: /dev/mtp_usb -> usb:666
  ✓ Permissions set to 666
  ✓ Group ownership set to usb
Setting up: /dev/vser -> dialout:666
  ✓ Permissions set to 666
  ✓ Group ownership set to dialout
Setting up: /dev/bus/usb/001/001 -> usb:666
  ✓ Permissions set to 666
  ✓ Group ownership set to usb
Setting up: /dev/stdin -> root:666
  ✓ Permissions set to 666
  ✓ Group ownership set to root
Setting up: /dev/stdout -> root:666
  ✓ Permissions set to 666
  ✓ Group ownership set to root
Setting up: /dev/stderr -> root:666
  ✓ Permissions set to 666
  ✓ Group ownership set to root
Setting up: /dev/null -> root:666
  ✓ Permissions set to 666
  ✓ Group ownership set to root
Setting up: /dev/zero -> root:666
  ✓ Permissions set to 666
  ✓ Group ownership set to root
Setting up: /dev/full -> root:666
  ✓ Permissions set to 666
  ✓ Group ownership set to root
Setting up: /dev/random -> root:666
  ✓ Permissions set to 666
  ✓ Group ownership set to root
Setting up: /dev/urandom -> root:666
  ✓ Permissions set to 666
  ✓ Group ownership set to root
Setting up: /dev/ppp -> netdev:666
  ✓ Permissions set to 666
  ✓ Group ownership set to netdev
Setting up: /dev/tun -> netdev:666
  ✓ Permissions set to 666
  ✓ Group ownership set to netdev
Setting up: /dev/rfkill -> netdev:666
  ✓ Permissions set to 666
  ✓ Group ownership set to netdev
Setting up: /dev/apipe-cmd-in -> audio:666
  ✓ Permissions set to 666
  ✓ Group ownership set to audio
Setting up: /dev/apipe-cmd-out -> audio:666
  ✓ Permissions set to 666
  ✓ Group ownership set to audio
Setting up: /dev/apipe-pcm -> audio:666
  ✓ Permissions set to 666
  ✓ Group ownership set to audio
Setting up: /dev/audio_pipe_effect -> audio:666
  ✓ Permissions set to 666
  ✓ Group ownership set to audio
Setting up: /dev/audio_pipe_bthal -> audio:666
  ✓ Permissions set to 666
  ✓ Group ownership set to audio
Setting up: /dev/audio_pipe_voice -> audio:666
  ✓ Permissions set to 666
  ✓ Group ownership set to audio
Setting up: /dev/audio_pipe_recordproc -> audio:666
  ✓ Permissions set to 666
  ✓ Group ownership set to audio
Setting up: /dev/snd/comprC0D4 -> audio:666
  ✓ Permissions set to 666
  ✓ Group ownership set to audio
Setting up: /dev/snd/pcmC0D15p -> audio:666
  ✓ Permissions set to 666
  ✓ Group ownership set to audio
Setting up: /dev/snd/pcmC0D10c -> audio:666
  ✓ Permissions set to 666
  ✓ Group ownership set to audio
Setting up: /dev/snd/pcmC0D49c -> audio:666
  ✓ Permissions set to 666
  ✓ Group ownership set to audio
Setting up: /dev/snd/pcmC0D6p -> audio:666
  ✓ Permissions set to 666
  ✓ Group ownership set to audio
Setting up: /dev/snd/comprC0D11 -> audio:666
  ✓ Permissions set to 666
  ✓ Group ownership set to audio
Setting up: /dev/snd/pcmC0D13c -> audio:666
  ✓ Permissions set to 666
  ✓ Group ownership set to audio
Setting up: /dev/snd/pcmC0D7p -> audio:666
  ✓ Permissions set to 666
  ✓ Group ownership set to audio
Setting up: /dev/snd/pcmC0D9c -> audio:666
  ✓ Permissions set to 666
  ✓ Group ownership set to audio
Setting up: /dev/snd/pcmC0D3p -> audio:666
  ✓ Permissions set to 666
  ✓ Group ownership set to audio
Setting up: /dev/snd/pcmC0D49p -> audio:666
  ✓ Permissions set to 666
  ✓ Group ownership set to audio
Setting up: /dev/snd/pcmC0D6c -> audio:666
  ✓ Permissions set to 666
  ✓ Group ownership set to audio
Setting up: /dev/snd/pcmC0D17c -> audio:666
  ✓ Permissions set to 666
  ✓ Group ownership set to audio
Setting up: /dev/snd/pcmC0D1p -> audio:666
  ✓ Permissions set to 666
  ✓ Group ownership set to audio
Setting up: /dev/snd/pcmC0D0c -> audio:666
  ✓ Permissions set to 666
  ✓ Group ownership set to audio
Setting up: /dev/snd/pcmC0D53p -> audio:666
  ✓ Permissions set to 666
  ✓ Group ownership set to audio
Setting up: /dev/snd/pcmC0D16c -> audio:666
  ✓ Permissions set to 666
  ✓ Group ownership set to audio
Setting up: /dev/snd/timer -> audio:666
  ✓ Permissions set to 666
  ✓ Group ownership set to audio
Setting up: /dev/snd/pcmC0D10p -> audio:666
  ✓ Permissions set to 666
  ✓ Group ownership set to audio
Setting up: /dev/snd/pcmC0D2c -> audio:666
  ✓ Permissions set to 666
  ✓ Group ownership set to audio
Setting up: /dev/snd/pcmC0D8c -> audio:666
  ✓ Permissions set to 666
  ✓ Group ownership set to audio
Setting up: /dev/snd/pcmC0D0p -> audio:666
  ✓ Permissions set to 666
  ✓ Group ownership set to audio
Setting up: /dev/snd/pcmC0D12p -> audio:666
  ✓ Permissions set to 666
  ✓ Group ownership set to audio
Setting up: /dev/snd/pcmC0D5c -> audio:666
  ✓ Permissions set to 666
  ✓ Group ownership set to audio
Setting up: /dev/snd/pcmC0D14c -> audio:666
  ✓ Permissions set to 666
  ✓ Group ownership set to audio
Setting up: /dev/snd/pcmC0D5p -> audio:666
  ✓ Permissions set to 666
  ✓ Group ownership set to audio
Setting up: /dev/snd/pcmC0D1c -> audio:666
  ✓ Permissions set to 666
  ✓ Group ownership set to audio
Setting up: /dev/snd/controlC0 -> audio:666
  ✓ Permissions set to 666
  ✓ Group ownership set to audio
Setting up: /dev/dri/card0 -> video:666
  ✓ Permissions set to 666
  ✓ Group ownership set to video
Setting up: /dev/mali0 -> video:666
  ✓ Permissions set to 666
  ✓ Group ownership set to video
Setting up: /dev/gsp -> video:666
  ✓ Permissions set to 666
  ✓ Group ownership set to video
Setting up: /dev/retrostation_hdmi -> video:666
  ✓ Permissions set to 666
  ✓ Group ownership set to video
Setting up: /dev/sprd_vsp -> video:666
  ✓ Permissions set to 666
  ✓ Group ownership set to video
Setting up: /dev/sprd_jpg -> video:666
  ✓ Permissions set to 666
  ✓ Group ownership set to video
Setting up: /dev/sprd_cpp -> video:666
  ✓ Permissions set to 666
  ✓ Group ownership set to video
Setting up: /dev/vdsp0 -> video:666
  ✓ Permissions set to 666
  ✓ Group ownership set to video
Device not found: /dev/video0
Device not found: /dev/video1
Device not found: /dev/video2
Device not found: /dev/video3
Device not found: /dev/video4
Device not found: /dev/video5
Device not found: /dev/video6
Device not found: /dev/video7
Device not found: /dev/video8
Device not found: /dev/video9
Device not found: /dev/video10
Device not found: /dev/video11
Device not found: /dev/video12
Device not found: /dev/video13
Device not found: /dev/video14
Device not found: /dev/video15
Device not found: /dev/media0
Device not found: /dev/media1
Device not found: /dev/media2
Device not found: /dev/media3
Device not found: /dev/v4l-subdev0
Device not found: /dev/v4l-subdev1
Device not found: /dev/v4l-subdev2
Device not found: /dev/v4l-subdev3
Device not found: /dev/v4l-subdev4
Device not found: /dev/v4l-subdev5
Device not found: /dev/v4l-subdev6
Device not found: /dev/v4l-subdev7
Setting up: /dev/input/event0 -> input:666
  ✓ Permissions set to 666
  ✓ Group ownership set to input
Setting up: /dev/input/event1 -> input:666
  ✓ Permissions set to 666
  ✓ Group ownership set to input
Setting up: /dev/input/event2 -> input:666
  ✓ Permissions set to 666
  ✓ Group ownership set to input
Setting up: /dev/input/event3 -> input:666
  ✓ Permissions set to 666
  ✓ Group ownership set to input
Setting up: /dev/input/event4 -> input:666
  ✓ Permissions set to 666
  ✓ Group ownership set to input
Setting up: /dev/input/mice -> input:666
  ✓ Permissions set to 666
  ✓ Group ownership set to input
Setting up: /dev/uinput -> input:666
  ✓ Permissions set to 666
  ✓ Group ownership set to input
Setting up: /dev/uhid -> input:666
  ✓ Permissions set to 666
  ✓ Group ownership set to input
Setting up: /dev/psaux -> input:666
  ✓ Permissions set to 666
  ✓ Group ownership set to input
Setting up: /dev/gpiochip0 -> sys:666
  ✓ Permissions set to 666
  ✓ Group ownership set to sys
Setting up: /dev/gpiochip1 -> sys:666
  ✓ Permissions set to 666
  ✓ Group ownership set to sys
Setting up: /dev/gpiochip2 -> sys:666
  ✓ Permissions set to 666
  ✓ Group ownership set to sys
Setting up: /dev/gpiochip3 -> sys:666
  ✓ Permissions set to 666
  ✓ Group ownership set to sys
Setting up: /dev/gpiochip4 -> sys:666
  ✓ Permissions set to 666
  ✓ Group ownership set to sys
Setting up: /dev/gpiochip5 -> sys:666
  ✓ Permissions set to 666
  ✓ Group ownership set to sys
Setting up: /dev/i2c-0 -> sys:666
  ✓ Permissions set to 666
  ✓ Group ownership set to sys
Setting up: /dev/i2c-1 -> sys:666
  ✓ Permissions set to 666
  ✓ Group ownership set to sys
Setting up: /dev/i2c-2 -> sys:666
  ✓ Permissions set to 666
  ✓ Group ownership set to sys
Setting up: /dev/i2c-3 -> sys:666
  ✓ Permissions set to 666
  ✓ Group ownership set to sys
Setting up: /dev/i2c-4 -> sys:666
  ✓ Permissions set to 666
  ✓ Group ownership set to sys
Setting up: /dev/i2c-5 -> sys:666
  ✓ Permissions set to 666
  ✓ Group ownership set to sys
Setting up: /dev/iio:device0 -> sys:666
  ✓ Permissions set to 666
  ✓ Group ownership set to sys
Setting up: /dev/iio:device1 -> sys:666
  ✓ Permissions set to 666
  ✓ Group ownership set to sys
Setting up: /dev/sprd_sensor -> sys:666
  ✓ Permissions set to 666
  ✓ Group ownership set to sys
Setting up: /dev/sprd_flash -> video:666
  ✓ Permissions set to 666
  ✓ Group ownership set to video
Setting up: /dev/rtc0 -> sys:666
  ✓ Permissions set to 666
  ✓ Group ownership set to sys
Setting up: /dev/ashmem -> mem:666
  ✓ Permissions set to 666
  ✓ Group ownership set to mem
Setting up devices matching pattern: /dev/ashmem*
Setting up: /dev/ashmem -> mem:666
  ✓ Permissions set to 666
  ✓ Group ownership set to mem
Setting up: /dev/ashmemf56c40ee-1335-4806-b834-b21ddd216bfa -> mem:666
  ✓ Permissions set to 666
  ✓ Group ownership set to mem
Setting up: /dev/ion -> mem:666
  ✓ Permissions set to 666
  ✓ Group ownership set to mem
Setting up: /dev/wcn -> netdev:666
  ✓ Permissions set to 666
  ✓ Group ownership set to netdev
Setting up: /dev/wcn_op -> netdev:666
  ✓ Permissions set to 666
  ✓ Group ownership set to netdev
Setting up: /dev/fm -> netdev:666
  ✓ Permissions set to 666
  ✓ Group ownership set to netdev
Setting up: /dev/gnss_dbg -> sys:666
  ✓ Permissions set to 666
  ✓ Group ownership set to sys
Setting up: /dev/gnss_common_ctl -> sys:666
  ✓ Permissions set to 666
  ✓ Group ownership set to sys
Setting up: /dev/gnss_pmnotify_ctl -> sys:666
  ✓ Permissions set to 666
  ✓ Group ownership set to sys
Setting up: /dev/data0_gnss -> sys:666
  ✓ Permissions set to 666
  ✓ Group ownership set to sys
Setting up: /dev/rscom -> games:666
  ✓ Permissions set to 666
  ✓ Group ownership set to games
Setting up: /dev/rsinput -> games:666
  ✓ Permissions set to 666
  ✓ Group ownership set to games
Setting up: /dev/rstouch -> games:666
  ✓ Permissions set to 666
  ✓ Group ownership set to games
Setting up: /dev/slog_gnss -> adm:664
  ✓ Permissions set to 664
  ✓ Group ownership set to adm
Setting up: /dev/slog_pm -> adm:664
  ✓ Permissions set to 664
  ✓ Group ownership set to adm
Setting up: /dev/slog_lte -> adm:664
  ✓ Permissions set to 664
  ✓ Group ownership set to adm
Setting up: /dev/slog_wcn0 -> adm:664
  ✓ Permissions set to 664
  ✓ Group ownership set to adm
Setting up: /dev/slog_wcn1 -> adm:664
  ✓ Permissions set to 664
  ✓ Group ownership set to adm
Setting up: /dev/spipe_pm0 -> sys:666
  ✓ Permissions set to 666
  ✓ Group ownership set to sys
Setting up: /dev/spipe_pm1 -> sys:666
  ✓ Permissions set to 666
  ✓ Group ownership set to sys
Setting up: /dev/sctl_pm -> sys:666
  ✓ Permissions set to 666
  ✓ Group ownership set to sys
Setting up: /dev/cptl -> sys:666
  ✓ Permissions set to 666
  ✓ Group ownership set to sys
Setting up: /dev/sprd_uid -> sys:666
  ✓ Permissions set to 666
  ✓ Group ownership set to sys
Setting up: /dev/sprd_flash -> sys:666
  ✓ Permissions set to 666
  ✓ Group ownership set to sys
Setting up: /dev/autotest0 -> sys:666
  ✓ Permissions set to 666
  ✓ Group ownership set to sys
Setting up: /dev/map_user -> sys:666
  ✓ Permissions set to 666
  ✓ Group ownership set to sys
Setting up: /dev/network_throughput -> adm:664
  ✓ Permissions set to 664
  ✓ Group ownership set to adm
Setting up: /dev/network_latency -> adm:664
  ✓ Permissions set to 664
  ✓ Group ownership set to adm
Setting up: /dev/memory_bandwidth -> adm:664
  ✓ Permissions set to 664
  ✓ Group ownership set to adm
Setting up: /dev/cpu_dma_latency -> adm:664
  ✓ Permissions set to 664
  ✓ Group ownership set to adm
Setting up: /dev/cluster0_core_max -> adm:664
  ✓ Permissions set to 664
  ✓ Group ownership set to adm
Setting up: /dev/cluster0_core_min -> adm:664
  ✓ Permissions set to 664
  ✓ Group ownership set to adm
Setting up: /dev/cluster0_freq_max -> adm:664
  ✓ Permissions set to 664
  ✓ Group ownership set to adm
Setting up: /dev/cluster0_freq_min -> adm:664
  ✓ Permissions set to 664
  ✓ Group ownership set to adm
Setting up: /dev/cluster1_core_max -> adm:664
  ✓ Permissions set to 664
  ✓ Group ownership set to adm
Setting up: /dev/cluster1_core_min -> adm:664
  ✓ Permissions set to 664
  ✓ Group ownership set to adm
Setting up: /dev/cluster1_freq_max -> adm:664
  ✓ Permissions set to 664
  ✓ Group ownership set to adm
Setting up: /dev/cluster1_freq_min -> adm:664
  ✓ Permissions set to 664
  ✓ Group ownership set to adm
Setting up: /dev/tmc_etb -> adm:664
  ✓ Permissions set to 664
  ✓ Group ownership set to adm
Setting up: /dev/etf-3e003000 -> adm:664
  ✓ Permissions set to 664
  ✓ Group ownership set to adm
Setting up: /dev/etf-3e002000 -> adm:664
  ✓ Permissions set to 664
  ✓ Group ownership set to adm
Setting up: /dev/fuse -> users:666
  ✓ Permissions set to 666
  ✓ Group ownership set to users
Setting up: /dev/cuse -> users:666
  ✓ Permissions set to 666
  ✓ Group ownership set to users
Setting up: /dev/ptmx -> tty:666
  ✓ Permissions set to 666
  ✓ Group ownership set to tty
Setting up: /dev/kmsg -> adm:644
  ✓ Permissions set to 644
  ✓ Group ownership set to adm
Setting up: /dev/pmsg0 -> adm:664
  ✓ Permissions set to 664
  ✓ Group ownership set to adm
Setting up: /dev/device-mapper -> disk:640
  ✓ Permissions set to 640
  ✓ Group ownership set to disk
Setting up: /dev/trusty-ipc-dev0 -> sys:666
  ✓ Permissions set to 666
  ✓ Group ownership set to sys
Setting up: /dev/ndctl0 -> sys:666
  ✓ Permissions set to 666
  ✓ Group ownership set to sys
Setting up: /dev/pmic -> sys:666
  ✓ Permissions set to 666
  ✓ Group ownership set to sys
Setting up block devices...
Setting up: /dev/block/ram0 -> disk:666
  ✓ Permissions set to 666
  ✓ Group ownership set to disk
Setting up: /dev/block/ram1 -> disk:666
  ✓ Permissions set to 666
  ✓ Group ownership set to disk
Setting up: /dev/block/ram2 -> disk:666
  ✓ Permissions set to 666
  ✓ Group ownership set to disk
Setting up: /dev/block/ram3 -> disk:666
  ✓ Permissions set to 666
  ✓ Group ownership set to disk
Setting up: /dev/block/ram4 -> disk:666
  ✓ Permissions set to 666
  ✓ Group ownership set to disk
Setting up: /dev/block/ram5 -> disk:666
  ✓ Permissions set to 666
  ✓ Group ownership set to disk
Setting up: /dev/block/ram6 -> disk:666
  ✓ Permissions set to 666
  ✓ Group ownership set to disk
Setting up: /dev/block/ram7 -> disk:666
  ✓ Permissions set to 666
  ✓ Group ownership set to disk
Setting up: /dev/block/ram8 -> disk:666
  ✓ Permissions set to 666
  ✓ Group ownership set to disk
Setting up: /dev/block/ram9 -> disk:666
  ✓ Permissions set to 666
  ✓ Group ownership set to disk
Setting up: /dev/block/ram10 -> disk:666
  ✓ Permissions set to 666
  ✓ Group ownership set to disk
Setting up: /dev/block/ram11 -> disk:666
  ✓ Permissions set to 666
  ✓ Group ownership set to disk
Setting up: /dev/block/ram12 -> disk:666
  ✓ Permissions set to 666
  ✓ Group ownership set to disk
Setting up: /dev/block/ram13 -> disk:666
  ✓ Permissions set to 666
  ✓ Group ownership set to disk
Setting up: /dev/block/ram14 -> disk:666
  ✓ Permissions set to 666
  ✓ Group ownership set to disk
Setting up: /dev/block/ram15 -> disk:666
  ✓ Permissions set to 666
  ✓ Group ownership set to disk
Setting up: /dev/block/loop0 -> disk:666
  ✓ Permissions set to 666
  ✓ Group ownership set to disk
Setting up: /dev/block/loop1 -> disk:666
  ✓ Permissions set to 666
  ✓ Group ownership set to disk
Setting up: /dev/block/loop2 -> disk:666
  ✓ Permissions set to 666
  ✓ Group ownership set to disk
Setting up: /dev/block/loop3 -> disk:666
  ✓ Permissions set to 666
  ✓ Group ownership set to disk
Setting up: /dev/block/loop4 -> disk:666
  ✓ Permissions set to 666
  ✓ Group ownership set to disk
Setting up: /dev/block/loop5 -> disk:666
  ✓ Permissions set to 666
  ✓ Group ownership set to disk
Setting up: /dev/block/loop6 -> disk:666
  ✓ Permissions set to 666
  ✓ Group ownership set to disk
Setting up: /dev/block/loop7 -> disk:666
  ✓ Permissions set to 666
  ✓ Group ownership set to disk
Setting up: /dev/block/loop8 -> disk:666
  ✓ Permissions set to 666
  ✓ Group ownership set to disk
Setting up: /dev/block/loop9 -> disk:666
  ✓ Permissions set to 666
  ✓ Group ownership set to disk
Setting up: /dev/block/loop10 -> disk:666
  ✓ Permissions set to 666
  ✓ Group ownership set to disk
Setting up: /dev/block/loop11 -> disk:666
  ✓ Permissions set to 666
  ✓ Group ownership set to disk
Setting up: /dev/block/loop12 -> disk:666
  ✓ Permissions set to 666
  ✓ Group ownership set to disk
Setting up: /dev/block/loop13 -> disk:666
  ✓ Permissions set to 666
  ✓ Group ownership set to disk
Setting up: /dev/block/loop14 -> disk:666
  ✓ Permissions set to 666
  ✓ Group ownership set to disk
Setting up: /dev/block/loop15 -> disk:666
  ✓ Permissions set to 666
  ✓ Group ownership set to disk
Setting up: /dev/block/mmcblk0 -> disk:640
  ✓ Permissions set to 640
  ✓ Group ownership set to disk
Setting up: /dev/block/mmcblk0boot0 -> disk:640
  ✓ Permissions set to 640
  ✓ Group ownership set to disk
Setting up: /dev/block/mmcblk0boot1 -> disk:640
  ✓ Permissions set to 640
  ✓ Group ownership set to disk
Device not found: /dev/block/mmcblk0rpmb
Setting up: /dev/block/mmcblk1 -> disk:666
  ✓ Permissions set to 666
  ✓ Group ownership set to disk
Setting up: /dev/block/mmcblk1p1 -> disk:666
  ✓ Permissions set to 666
  ✓ Group ownership set to disk
Setting up: /dev/block/mmcblk0p1 -> disk:666
  ✓ Permissions set to 666
  ✓ Group ownership set to disk
Setting up: /dev/block/mmcblk0p2 -> disk:666
  ✓ Permissions set to 666
  ✓ Group ownership set to disk
Setting up: /dev/block/mmcblk0p3 -> disk:666
  ✓ Permissions set to 666
  ✓ Group ownership set to disk
Setting up: /dev/block/mmcblk0p4 -> disk:666
  ✓ Permissions set to 666
  ✓ Group ownership set to disk
Setting up: /dev/block/mmcblk0p5 -> disk:666
  ✓ Permissions set to 666
  ✓ Group ownership set to disk
Setting up: /dev/block/mmcblk0p6 -> disk:666
  ✓ Permissions set to 666
  ✓ Group ownership set to disk
Setting up: /dev/block/mmcblk0p7 -> disk:666
  ✓ Permissions set to 666
  ✓ Group ownership set to disk
Setting up: /dev/block/mmcblk0p8 -> disk:666
  ✓ Permissions set to 666
  ✓ Group ownership set to disk
Setting up: /dev/block/mmcblk0p9 -> disk:666
  ✓ Permissions set to 666
  ✓ Group ownership set to disk
Setting up: /dev/block/mmcblk0p10 -> disk:666
  ✓ Permissions set to 666
  ✓ Group ownership set to disk
Setting up: /dev/block/mmcblk0p11 -> disk:666
  ✓ Permissions set to 666
  ✓ Group ownership set to disk
Setting up: /dev/block/mmcblk0p12 -> disk:666
  ✓ Permissions set to 666
  ✓ Group ownership set to disk
Setting up: /dev/block/mmcblk0p13 -> disk:666
  ✓ Permissions set to 666
  ✓ Group ownership set to disk
Setting up: /dev/block/mmcblk0p14 -> disk:666
  ✓ Permissions set to 666
  ✓ Group ownership set to disk
Setting up: /dev/block/mmcblk0p15 -> disk:666
  ✓ Permissions set to 666
  ✓ Group ownership set to disk
Setting up: /dev/block/mmcblk0p16 -> disk:666
  ✓ Permissions set to 666
  ✓ Group ownership set to disk
Setting up: /dev/block/mmcblk0p17 -> disk:666
  ✓ Permissions set to 666
  ✓ Group ownership set to disk
Setting up: /dev/block/mmcblk0p18 -> disk:666
  ✓ Permissions set to 666
  ✓ Group ownership set to disk
Setting up: /dev/block/mmcblk0p19 -> disk:666
  ✓ Permissions set to 666
  ✓ Group ownership set to disk
Setting up: /dev/block/mmcblk0p20 -> disk:666
  ✓ Permissions set to 666
  ✓ Group ownership set to disk
Setting up: /dev/block/mmcblk0p21 -> disk:666
  ✓ Permissions set to 666
  ✓ Group ownership set to disk
Setting up: /dev/block/mmcblk0p22 -> disk:666
  ✓ Permissions set to 666
  ✓ Group ownership set to disk
Setting up: /dev/block/mmcblk0p23 -> disk:666
  ✓ Permissions set to 666
  ✓ Group ownership set to disk
Setting up: /dev/block/mmcblk0p24 -> disk:666
  ✓ Permissions set to 666
  ✓ Group ownership set to disk
Setting up: /dev/block/mmcblk0p25 -> disk:666
  ✓ Permissions set to 666
  ✓ Group ownership set to disk
Setting up: /dev/block/mmcblk0p26 -> disk:666
  ✓ Permissions set to 666
  ✓ Group ownership set to disk
Setting up: /dev/block/mmcblk0p27 -> disk:666
  ✓ Permissions set to 666
  ✓ Group ownership set to disk
Setting up: /dev/block/mmcblk0p28 -> disk:666
  ✓ Permissions set to 666
  ✓ Group ownership set to disk
Setting up: /dev/block/mmcblk0p29 -> disk:666
  ✓ Permissions set to 666
  ✓ Group ownership set to disk
Setting up: /dev/block/mmcblk0p30 -> disk:666
  ✓ Permissions set to 666
  ✓ Group ownership set to disk
Setting up: /dev/block/mmcblk0p31 -> disk:666
  ✓ Permissions set to 666
  ✓ Group ownership set to disk
Setting up: /dev/block/mmcblk0p32 -> disk:666
  ✓ Permissions set to 666
  ✓ Group ownership set to disk
Setting up: /dev/block/mmcblk0p33 -> disk:666
  ✓ Permissions set to 666
  ✓ Group ownership set to disk
Setting up: /dev/block/mmcblk0p34 -> disk:666
  ✓ Permissions set to 666
  ✓ Group ownership set to disk
Setting up: /dev/block/mmcblk0p35 -> disk:666
  ✓ Permissions set to 666
  ✓ Group ownership set to disk
Setting up: /dev/block/mmcblk0p36 -> disk:666
  ✓ Permissions set to 666
  ✓ Group ownership set to disk
Setting up: /dev/block/mmcblk0p37 -> disk:666
  ✓ Permissions set to 666
  ✓ Group ownership set to disk
Setting up: /dev/block/mmcblk0p38 -> disk:666
  ✓ Permissions set to 666
  ✓ Group ownership set to disk
Setting up: /dev/block/mmcblk0p39 -> disk:666
  ✓ Permissions set to 666
  ✓ Group ownership set to disk
Setting up: /dev/block/mmcblk0p40 -> disk:666
  ✓ Permissions set to 666
  ✓ Group ownership set to disk
Setting up: /dev/block/mmcblk0p41 -> disk:666
  ✓ Permissions set to 666
  ✓ Group ownership set to disk
Setting up: /dev/block/mmcblk0p42 -> disk:666
  ✓ Permissions set to 666
  ✓ Group ownership set to disk
Setting up: /dev/block/mmcblk0p43 -> disk:666
  ✓ Permissions set to 666
  ✓ Group ownership set to disk
Setting up: /dev/block/mmcblk0p44 -> disk:666
  ✓ Permissions set to 666
  ✓ Group ownership set to disk
Setting up: /dev/block/mmcblk0p45 -> disk:666
  ✓ Permissions set to 666
  ✓ Group ownership set to disk
Setting up: /dev/block/mmcblk0p46 -> disk:666
  ✓ Permissions set to 666
  ✓ Group ownership set to disk
Setting up: /dev/block/mmcblk0p47 -> disk:666
  ✓ Permissions set to 666
  ✓ Group ownership set to disk
Setting up: /dev/block/mmcblk0p48 -> disk:666
  ✓ Permissions set to 666
  ✓ Group ownership set to disk
Setting up: /dev/block/mmcblk0p49 -> disk:666
  ✓ Permissions set to 666
  ✓ Group ownership set to disk
Setting up: /dev/block/mmcblk0p50 -> disk:666
  ✓ Permissions set to 666
  ✓ Group ownership set to disk
Setting up: /dev/block/mmcblk0p51 -> disk:666
  ✓ Permissions set to 666
  ✓ Group ownership set to disk
Setting up: /dev/block/mmcblk0p52 -> disk:666
  ✓ Permissions set to 666
  ✓ Group ownership set to disk
Setting up: /dev/block/mmcblk0p53 -> disk:666
  ✓ Permissions set to 666
  ✓ Group ownership set to disk
Setting up: /dev/block/mmcblk0p54 -> disk:666
  ✓ Permissions set to 666
  ✓ Group ownership set to disk
Setting up: /dev/block/mmcblk0p55 -> disk:666
  ✓ Permissions set to 666
  ✓ Group ownership set to disk
Setting up: /dev/block/mmcblk0p56 -> disk:666
  ✓ Permissions set to 666
  ✓ Group ownership set to disk
Setting up: /dev/block/mmcblk0p57 -> disk:666
  ✓ Permissions set to 666
  ✓ Group ownership set to disk
Setting up: /dev/block/mmcblk0p58 -> disk:666
  ✓ Permissions set to 666
  ✓ Group ownership set to disk
Setting up: /dev/block/mmcblk0p59 -> disk:666
  ✓ Permissions set to 666
  ✓ Group ownership set to disk
Setting up: /dev/block/mmcblk0p60 -> disk:666
  ✓ Permissions set to 666
  ✓ Group ownership set to disk
Setting up: /dev/block/mmcblk0p61 -> disk:666
  ✓ Permissions set to 666
  ✓ Group ownership set to disk
Setting up: /dev/block/mmcblk0p62 -> disk:666
  ✓ Permissions set to 666
  ✓ Group ownership set to disk
Setting up: /dev/block/mmcblk0p63 -> disk:666
  ✓ Permissions set to 666
  ✓ Group ownership set to disk
Setting up: /dev/block/mmcblk0p64 -> disk:666
  ✓ Permissions set to 666
  ✓ Group ownership set to disk
Setting up: /dev/block/mmcblk0p65 -> disk:666
  ✓ Permissions set to 666
  ✓ Group ownership set to disk
Setting up: /dev/block/mmcblk0p66 -> disk:666
  ✓ Permissions set to 666
  ✓ Group ownership set to disk
Setting up: /dev/block/mmcblk0p67 -> disk:666
  ✓ Permissions set to 666
  ✓ Group ownership set to disk
Setting up: /dev/block/mmcblk0p68 -> disk:666
  ✓ Permissions set to 666
  ✓ Group ownership set to disk
Setting up: /dev/block/mmcblk0p69 -> disk:666
  ✓ Permissions set to 666
  ✓ Group ownership set to disk
Setting up: /dev/block/mmcblk0p70 -> disk:666
  ✓ Permissions set to 666
  ✓ Group ownership set to disk
Setting up: /dev/block/mmcblk0p71 -> disk:666
  ✓ Permissions set to 666
  ✓ Group ownership set to disk
Setting up: /dev/block/mmcblk0p72 -> disk:666
  ✓ Permissions set to 666
  ✓ Group ownership set to disk
Setting up: /dev/block/mmcblk0p73 -> disk:666
  ✓ Permissions set to 666
  ✓ Group ownership set to disk
Setting up: /dev/block/mmcblk0p74 -> disk:666
  ✓ Permissions set to 666
  ✓ Group ownership set to disk
Setting up: /dev/block/mmcblk0p75 -> disk:666
  ✓ Permissions set to 666
  ✓ Group ownership set to disk
Setting up: /dev/block/mmcblk0p76 -> disk:666
  ✓ Permissions set to 666
  ✓ Group ownership set to disk
Setting up: /dev/block/pmem0 -> disk:666
  ✓ Permissions set to 666
  ✓ Group ownership set to disk
Setting up: /dev/block/zram0 -> disk:666
  ✓ Permissions set to 666
  ✓ Group ownership set to disk
Setting up by-name partition symlinks...
Setting up: /dev/block/by-name/boot_a -> disk:640
  ✓ Permissions set to 640
  ✓ Group ownership set to disk
Setting up: /dev/block/by-name/boot_b -> disk:640
  ✓ Permissions set to 640
  ✓ Group ownership set to disk
Setting up: /dev/block/by-name/vendor_boot_a -> disk:640
  ✓ Permissions set to 640
  ✓ Group ownership set to disk
Setting up: /dev/block/by-name/vendor_boot_b -> disk:640
  ✓ Permissions set to 640
  ✓ Group ownership set to disk
Setting up: /dev/block/by-name/userdata -> disk:660
  ✓ Permissions set to 660
  ✓ Group ownership set to disk
Setting up: /dev/block/by-name/cache -> disk:666
  ✓ Permissions set to 666
  ✓ Group ownership set to disk
Setting up: /dev/block/by-name/socko_a -> disk:666
  ✓ Permissions set to 666
  ✓ Group ownership set to disk
Setting up: /dev/block/by-name/socko_b -> disk:666
  ✓ Permissions set to 666
  ✓ Group ownership set to disk
Setting up: /dev/block/by-name/miscdata -> disk:666
  ✓ Permissions set to 666
  ✓ Group ownership set to disk
Setting up: /dev/block/by-name/trustos_a -> disk:666
  ✓ Permissions set to 666
  ✓ Group ownership set to disk
Setting up: /dev/block/by-name/trustos_b -> disk:666
  ✓ Permissions set to 666
  ✓ Group ownership set to disk
Setting up: /dev/block/by-name/vbmeta_vendor_a -> disk:666
  ✓ Permissions set to 666
  ✓ Group ownership set to disk
Setting up: /dev/block/by-name/vbmeta_vendor_b -> disk:666
  ✓ Permissions set to 666
  ✓ Group ownership set to disk
Setting up: /dev/block/by-name/vbmeta_a -> disk:666
  ✓ Permissions set to 666
  ✓ Group ownership set to disk
Setting up: /dev/block/by-name/vbmeta_b -> disk:666
  ✓ Permissions set to 666
  ✓ Group ownership set to disk
Setting up: /dev/block/by-name/odmko_a -> disk:666
  ✓ Permissions set to 666
  ✓ Group ownership set to disk
Setting up: /dev/block/by-name/odmko_b -> disk:666
  ✓ Permissions set to 666
  ✓ Group ownership set to disk
Setting up: /dev/block/by-name/vbmeta_system_ext_a -> disk:666
  ✓ Permissions set to 666
  ✓ Group ownership set to disk
Setting up: /dev/block/by-name/vbmeta_system_ext_b -> disk:666
  ✓ Permissions set to 666
  ✓ Group ownership set to disk
Setting up: /dev/block/by-name/uboot_a -> disk:666
  ✓ Permissions set to 666
  ✓ Group ownership set to disk
Setting up: /dev/block/by-name/uboot_b -> disk:666
  ✓ Permissions set to 666
  ✓ Group ownership set to disk
Setting up: /dev/block/by-name/mmcblk0boot1 -> disk:666
  ✓ Permissions set to 666
  ✓ Group ownership set to disk
Setting up: /dev/block/by-name/mmcblk0boot0 -> disk:666
  ✓ Permissions set to 666
  ✓ Group ownership set to disk
Setting up: /dev/block/by-name/avbmeta_rs_a -> disk:666
  ✓ Permissions set to 666
  ✓ Group ownership set to disk
Setting up: /dev/block/by-name/avbmeta_rs_b -> disk:666
  ✓ Permissions set to 666
  ✓ Group ownership set to disk
Setting up: /dev/block/by-name/common_rs1_a -> disk:666
  ✓ Permissions set to 666
  ✓ Group ownership set to disk
Setting up: /dev/block/by-name/common_rs1_b -> disk:666
  ✓ Permissions set to 666
  ✓ Group ownership set to disk
Setting up: /dev/block/by-name/l_agdsp_a -> disk:666
  ✓ Permissions set to 666
  ✓ Group ownership set to disk
Setting up: /dev/block/by-name/l_agdsp_b -> disk:666
  ✓ Permissions set to 666
  ✓ Group ownership set to disk
Setting up: /dev/block/by-name/metadata -> disk:666
  ✓ Permissions set to 666
  ✓ Group ownership set to disk
Setting up: /dev/block/by-name/common_rs2_a -> disk:666
  ✓ Permissions set to 666
  ✓ Group ownership set to disk
Setting up: /dev/block/by-name/common_rs2_b -> disk:666
  ✓ Permissions set to 666
  ✓ Group ownership set to disk
Setting up: /dev/block/by-name/l_gdsp_a -> disk:666
  ✓ Permissions set to 666
  ✓ Group ownership set to disk
Setting up: /dev/block/by-name/l_gdsp_b -> disk:666
  ✓ Permissions set to 666
  ✓ Group ownership set to disk
Setting up: /dev/block/by-name/l_cdsp_a -> disk:666
  ✓ Permissions set to 666
  ✓ Group ownership set to disk
Setting up: /dev/block/by-name/l_cdsp_b -> disk:666
  ✓ Permissions set to 666
  ✓ Group ownership set to disk
Setting up: /dev/block/by-name/prodnv -> disk:666
  ✓ Permissions set to 666
  ✓ Group ownership set to disk
Setting up: /dev/block/by-name/pm_sys_a -> disk:666
  ✓ Permissions set to 666
  ✓ Group ownership set to disk
Setting up: /dev/block/by-name/pm_sys_b -> disk:666
  ✓ Permissions set to 666
  ✓ Group ownership set to disk
Setting up: /dev/block/by-name/teecfg_a -> disk:666
  ✓ Permissions set to 666
  ✓ Group ownership set to disk
Setting up: /dev/block/by-name/teecfg_b -> disk:666
  ✓ Permissions set to 666
  ✓ Group ownership set to disk
Setting up: /dev/block/by-name/vbmeta_product_a -> disk:666
  ✓ Permissions set to 666
  ✓ Group ownership set to disk
Setting up: /dev/block/by-name/vbmeta_product_b -> disk:666
  ✓ Permissions set to 666
  ✓ Group ownership set to disk
Setting up: /dev/block/by-name/logo -> disk:666
  ✓ Permissions set to 666
  ✓ Group ownership set to disk
Setting up: /dev/block/by-name/misc -> disk:666
  ✓ Permissions set to 666
  ✓ Group ownership set to disk
Setting up: /dev/block/by-name/wcnmodem_a -> disk:666
  ✓ Permissions set to 666
  ✓ Group ownership set to disk
Setting up: /dev/block/by-name/wcnmodem_b -> disk:666
  ✓ Permissions set to 666
  ✓ Group ownership set to disk
Setting up: /dev/block/by-name/l_ldsp_b -> disk:666
  ✓ Permissions set to 666
  ✓ Group ownership set to disk
Setting up: /dev/block/by-name/l_ldsp_a -> disk:666
  ✓ Permissions set to 666
  ✓ Group ownership set to disk
Setting up: /dev/block/by-name/vbmeta_system_b -> disk:666
  ✓ Permissions set to 666
  ✓ Group ownership set to disk
Setting up: /dev/block/by-name/vbmeta_system_a -> disk:666
  ✓ Permissions set to 666
  ✓ Group ownership set to disk
Setting up: /dev/block/by-name/l_fixnv2_a -> disk:666
  ✓ Permissions set to 666
  ✓ Group ownership set to disk
Setting up: /dev/block/by-name/l_fixnv2_b -> disk:666
  ✓ Permissions set to 666
  ✓ Group ownership set to disk
Setting up: /dev/block/by-name/l_modem_a -> disk:666
  ✓ Permissions set to 666
  ✓ Group ownership set to disk
Setting up: /dev/block/by-name/l_modem_b -> disk:666
  ✓ Permissions set to 666
  ✓ Group ownership set to disk
Setting up: /dev/block/by-name/l_deltanv_a -> disk:666
  ✓ Permissions set to 666
  ✓ Group ownership set to disk
Setting up: /dev/block/by-name/l_deltanv_b -> disk:666
  ✓ Permissions set to 666
  ✓ Group ownership set to disk
Setting up: /dev/block/by-name/l_runtimenv2 -> disk:666
  ✓ Permissions set to 666
  ✓ Group ownership set to disk
Setting up: /dev/block/by-name/l_runtimenv1 -> disk:666
  ✓ Permissions set to 666
  ✓ Group ownership set to disk
Setting up: /dev/block/by-name/sml_a -> disk:666
  ✓ Permissions set to 666
  ✓ Group ownership set to disk
Setting up: /dev/block/by-name/sml_b -> disk:666
  ✓ Permissions set to 666
  ✓ Group ownership set to disk
Setting up: /dev/block/by-name/vbmeta_odm_a -> disk:666
  ✓ Permissions set to 666
  ✓ Group ownership set to disk
Setting up: /dev/block/by-name/vbmeta_odm_b -> disk:666
  ✓ Permissions set to 666
  ✓ Group ownership set to disk
Setting up: /dev/block/by-name/gnssmodem_a -> disk:666
  ✓ Permissions set to 666
  ✓ Group ownership set to disk
Setting up: /dev/block/by-name/gnssmodem_b -> disk:666
  ✓ Permissions set to 666
  ✓ Group ownership set to disk
Setting up: /dev/block/by-name/persist -> disk:666
  ✓ Permissions set to 666
  ✓ Group ownership set to disk
Setting up: /dev/block/by-name/sysdumpdb -> disk:666
  ✓ Permissions set to 666
  ✓ Group ownership set to disk
Setting up: /dev/block/by-name/dtbo_a -> disk:666
  ✓ Permissions set to 666
  ✓ Group ownership set to disk
Setting up: /dev/block/by-name/dtbo_b -> disk:666
  ✓ Permissions set to 666
  ✓ Group ownership set to disk
Setting up: /dev/block/by-name/l_fixnv1_a -> disk:666
  ✓ Permissions set to 666
  ✓ Group ownership set to disk
Setting up: /dev/block/by-name/l_fixnv1_b -> disk:666
  ✓ Permissions set to 666
  ✓ Group ownership set to disk
Setting up: /dev/block/by-name/dtb_a -> disk:666
  ✓ Permissions set to 666
  ✓ Group ownership set to disk
Setting up: /dev/block/by-name/dtb_b -> disk:666
  ✓ Permissions set to 666
  ✓ Group ownership set to disk
Setting up: /dev/block/by-name/hypervsior_b -> disk:666
  ✓ Permissions set to 666
  ✓ Group ownership set to disk
Setting up: /dev/block/by-name/hypervsior_a -> disk:666
  ✓ Permissions set to 666
  ✓ Group ownership set to disk
Setting up: /dev/block/by-name/super -> disk:666
  ✓ Permissions set to 666
  ✓ Group ownership set to disk
Setting up: /dev/block/by-name/uboot_log -> disk:666
  ✓ Permissions set to 666
  ✓ Group ownership set to disk
Setting up: /dev/block/by-name/fbootlogo -> disk:666
  ✓ Permissions set to 666
  ✓ Group ownership set to disk
Setting up: /dev/block/by-name/mmcblk0 -> disk:666
  ✓ Permissions set to 666
  ✓ Group ownership set to disk
Setting up platform-specific device paths...
Setting up: /dev/block/platform/soc/soc:ap-apb/71400000.sdio/mmcblk0p1 -> disk:666
  ✓ Permissions set to 666
  ✓ Group ownership set to disk
Setting up: /dev/block/platform/soc/soc:ap-apb/71400000.sdio/mmcblk0p2 -> disk:666
  ✓ Permissions set to 666
  ✓ Group ownership set to disk
Setting up: /dev/block/platform/soc/soc:ap-apb/71400000.sdio/mmcblk0p3 -> disk:666
  ✓ Permissions set to 666
  ✓ Group ownership set to disk
Setting up: /dev/block/platform/soc/soc:ap-apb/71400000.sdio/mmcblk0p4 -> disk:666
  ✓ Permissions set to 666
  ✓ Group ownership set to disk
Setting up: /dev/block/platform/soc/soc:ap-apb/71400000.sdio/mmcblk0p5 -> disk:666
  ✓ Permissions set to 666
  ✓ Group ownership set to disk
Setting up: /dev/block/platform/soc/soc:ap-apb/71400000.sdio/mmcblk0p6 -> disk:666
  ✓ Permissions set to 666
  ✓ Group ownership set to disk
Setting up: /dev/block/platform/soc/soc:ap-apb/71400000.sdio/mmcblk0p7 -> disk:666
  ✓ Permissions set to 666
  ✓ Group ownership set to disk
Setting up: /dev/block/platform/soc/soc:ap-apb/71400000.sdio/mmcblk0p8 -> disk:666
  ✓ Permissions set to 666
  ✓ Group ownership set to disk
Setting up: /dev/block/platform/soc/soc:ap-apb/71400000.sdio/mmcblk0p9 -> disk:666
  ✓ Permissions set to 666
  ✓ Group ownership set to disk
Setting up: /dev/block/platform/soc/soc:ap-apb/71400000.sdio/mmcblk0p10 -> disk:666
  ✓ Permissions set to 666
  ✓ Group ownership set to disk
Setting up: /dev/block/platform/soc/soc:ap-apb/71400000.sdio/mmcblk0p11 -> disk:666
  ✓ Permissions set to 666
  ✓ Group ownership set to disk
Setting up: /dev/block/platform/soc/soc:ap-apb/71400000.sdio/mmcblk0p12 -> disk:666
  ✓ Permissions set to 666
  ✓ Group ownership set to disk
Setting up: /dev/block/platform/soc/soc:ap-apb/71400000.sdio/mmcblk0p13 -> disk:666
  ✓ Permissions set to 666
  ✓ Group ownership set to disk
Setting up: /dev/block/platform/soc/soc:ap-apb/71400000.sdio/mmcblk0p14 -> disk:666
  ✓ Permissions set to 666
  ✓ Group ownership set to disk
Setting up: /dev/block/platform/soc/soc:ap-apb/71400000.sdio/mmcblk0p15 -> disk:666
  ✓ Permissions set to 666
  ✓ Group ownership set to disk
Setting up: /dev/block/platform/soc/soc:ap-apb/71400000.sdio/mmcblk0p16 -> disk:666
  ✓ Permissions set to 666
  ✓ Group ownership set to disk
Setting up: /dev/block/platform/soc/soc:ap-apb/71400000.sdio/mmcblk0p17 -> disk:666
  ✓ Permissions set to 666
  ✓ Group ownership set to disk
Setting up: /dev/block/platform/soc/soc:ap-apb/71400000.sdio/mmcblk0p18 -> disk:666
  ✓ Permissions set to 666
  ✓ Group ownership set to disk
Setting up: /dev/block/platform/soc/soc:ap-apb/71400000.sdio/mmcblk0p19 -> disk:666
  ✓ Permissions set to 666
  ✓ Group ownership set to disk
Setting up: /dev/block/platform/soc/soc:ap-apb/71400000.sdio/mmcblk0p20 -> disk:666
  ✓ Permissions set to 666
  ✓ Group ownership set to disk
Setting up: /dev/block/platform/soc/soc:ap-apb/71400000.sdio/mmcblk0p21 -> disk:666
  ✓ Permissions set to 666
  ✓ Group ownership set to disk
Setting up: /dev/block/platform/soc/soc:ap-apb/71400000.sdio/mmcblk0p22 -> disk:666
  ✓ Permissions set to 666
  ✓ Group ownership set to disk
Setting up: /dev/block/platform/soc/soc:ap-apb/71400000.sdio/mmcblk0p23 -> disk:666
  ✓ Permissions set to 666
  ✓ Group ownership set to disk
Setting up: /dev/block/platform/soc/soc:ap-apb/71400000.sdio/mmcblk0p24 -> disk:666
  ✓ Permissions set to 666
  ✓ Group ownership set to disk
Setting up: /dev/block/platform/soc/soc:ap-apb/71400000.sdio/mmcblk0p25 -> disk:666
  ✓ Permissions set to 666
  ✓ Group ownership set to disk
Setting up: /dev/block/platform/soc/soc:ap-apb/71400000.sdio/mmcblk0p26 -> disk:666
  ✓ Permissions set to 666
  ✓ Group ownership set to disk
Setting up: /dev/block/platform/soc/soc:ap-apb/71400000.sdio/mmcblk0p27 -> disk:666
  ✓ Permissions set to 666
  ✓ Group ownership set to disk
Setting up: /dev/block/platform/soc/soc:ap-apb/71400000.sdio/mmcblk0p28 -> disk:666
  ✓ Permissions set to 666
  ✓ Group ownership set to disk
Setting up: /dev/block/platform/soc/soc:ap-apb/71400000.sdio/mmcblk0p29 -> disk:666
  ✓ Permissions set to 666
  ✓ Group ownership set to disk
Setting up: /dev/block/platform/soc/soc:ap-apb/71400000.sdio/mmcblk0p30 -> disk:666
  ✓ Permissions set to 666
  ✓ Group ownership set to disk
Setting up: /dev/block/platform/soc/soc:ap-apb/71400000.sdio/mmcblk0p31 -> disk:666
  ✓ Permissions set to 666
  ✓ Group ownership set to disk
Setting up: /dev/block/platform/soc/soc:ap-apb/71400000.sdio/mmcblk0p32 -> disk:666
  ✓ Permissions set to 666
  ✓ Group ownership set to disk
Setting up: /dev/block/platform/soc/soc:ap-apb/71400000.sdio/mmcblk0p33 -> disk:666
  ✓ Permissions set to 666
  ✓ Group ownership set to disk
Setting up: /dev/block/platform/soc/soc:ap-apb/71400000.sdio/mmcblk0p34 -> disk:666
  ✓ Permissions set to 666
  ✓ Group ownership set to disk
Setting up: /dev/block/platform/soc/soc:ap-apb/71400000.sdio/mmcblk0p35 -> disk:666
  ✓ Permissions set to 666
  ✓ Group ownership set to disk
Setting up: /dev/block/platform/soc/soc:ap-apb/71400000.sdio/mmcblk0p36 -> disk:666
  ✓ Permissions set to 666
  ✓ Group ownership set to disk
Setting up: /dev/block/platform/soc/soc:ap-apb/71400000.sdio/mmcblk0p37 -> disk:666
  ✓ Permissions set to 666
  ✓ Group ownership set to disk
Setting up: /dev/block/platform/soc/soc:ap-apb/71400000.sdio/mmcblk0p38 -> disk:666
  ✓ Permissions set to 666
  ✓ Group ownership set to disk
Setting up: /dev/block/platform/soc/soc:ap-apb/71400000.sdio/mmcblk0p39 -> disk:666
  ✓ Permissions set to 666
  ✓ Group ownership set to disk
Setting up: /dev/block/platform/soc/soc:ap-apb/71400000.sdio/mmcblk0p40 -> disk:666
  ✓ Permissions set to 666
  ✓ Group ownership set to disk
Setting up: /dev/block/platform/soc/soc:ap-apb/71400000.sdio/mmcblk0p41 -> disk:666
  ✓ Permissions set to 666
  ✓ Group ownership set to disk
Setting up: /dev/block/platform/soc/soc:ap-apb/71400000.sdio/mmcblk0p42 -> disk:666
  ✓ Permissions set to 666
  ✓ Group ownership set to disk
Setting up: /dev/block/platform/soc/soc:ap-apb/71400000.sdio/mmcblk0p43 -> disk:666
  ✓ Permissions set to 666
  ✓ Group ownership set to disk
Setting up: /dev/block/platform/soc/soc:ap-apb/71400000.sdio/mmcblk0p44 -> disk:666
  ✓ Permissions set to 666
  ✓ Group ownership set to disk
Setting up: /dev/block/platform/soc/soc:ap-apb/71400000.sdio/mmcblk0p45 -> disk:666
  ✓ Permissions set to 666
  ✓ Group ownership set to disk
Setting up: /dev/block/platform/soc/soc:ap-apb/71400000.sdio/mmcblk0p46 -> disk:666
  ✓ Permissions set to 666
  ✓ Group ownership set to disk
Setting up: /dev/block/platform/soc/soc:ap-apb/71400000.sdio/mmcblk0p47 -> disk:666
  ✓ Permissions set to 666
  ✓ Group ownership set to disk
Setting up: /dev/block/platform/soc/soc:ap-apb/71400000.sdio/mmcblk0p48 -> disk:666
  ✓ Permissions set to 666
  ✓ Group ownership set to disk
Setting up: /dev/block/platform/soc/soc:ap-apb/71400000.sdio/mmcblk0p49 -> disk:666
  ✓ Permissions set to 666
  ✓ Group ownership set to disk
Setting up: /dev/block/platform/soc/soc:ap-apb/71400000.sdio/mmcblk0p50 -> disk:666
  ✓ Permissions set to 666
  ✓ Group ownership set to disk
Setting up: /dev/block/platform/soc/soc:ap-apb/71400000.sdio/mmcblk0p51 -> disk:666
  ✓ Permissions set to 666
  ✓ Group ownership set to disk
Setting up: /dev/block/platform/soc/soc:ap-apb/71400000.sdio/mmcblk0p52 -> disk:666
  ✓ Permissions set to 666
  ✓ Group ownership set to disk
Setting up: /dev/block/platform/soc/soc:ap-apb/71400000.sdio/mmcblk0p53 -> disk:666
  ✓ Permissions set to 666
  ✓ Group ownership set to disk
Setting up: /dev/block/platform/soc/soc:ap-apb/71400000.sdio/mmcblk0p54 -> disk:666
  ✓ Permissions set to 666
  ✓ Group ownership set to disk
Setting up: /dev/block/platform/soc/soc:ap-apb/71400000.sdio/mmcblk0p55 -> disk:666
  ✓ Permissions set to 666
  ✓ Group ownership set to disk
Setting up: /dev/block/platform/soc/soc:ap-apb/71400000.sdio/mmcblk0p56 -> disk:666
  ✓ Permissions set to 666
  ✓ Group ownership set to disk
Setting up: /dev/block/platform/soc/soc:ap-apb/71400000.sdio/mmcblk0p57 -> disk:666
  ✓ Permissions set to 666
  ✓ Group ownership set to disk
Setting up: /dev/block/platform/soc/soc:ap-apb/71400000.sdio/mmcblk0p58 -> disk:666
  ✓ Permissions set to 666
  ✓ Group ownership set to disk
Setting up: /dev/block/platform/soc/soc:ap-apb/71400000.sdio/mmcblk0p59 -> disk:666
  ✓ Permissions set to 666
  ✓ Group ownership set to disk
Setting up: /dev/block/platform/soc/soc:ap-apb/71400000.sdio/mmcblk0p60 -> disk:666
  ✓ Permissions set to 666
  ✓ Group ownership set to disk
Setting up: /dev/block/platform/soc/soc:ap-apb/71400000.sdio/mmcblk0p61 -> disk:666
  ✓ Permissions set to 666
  ✓ Group ownership set to disk
Setting up: /dev/block/platform/soc/soc:ap-apb/71400000.sdio/mmcblk0p62 -> disk:666
  ✓ Permissions set to 666
  ✓ Group ownership set to disk
Setting up: /dev/block/platform/soc/soc:ap-apb/71400000.sdio/mmcblk0p63 -> disk:666
  ✓ Permissions set to 666
  ✓ Group ownership set to disk
Setting up: /dev/block/platform/soc/soc:ap-apb/71400000.sdio/mmcblk0p64 -> disk:666
  ✓ Permissions set to 666
  ✓ Group ownership set to disk
Setting up: /dev/block/platform/soc/soc:ap-apb/71400000.sdio/mmcblk0p65 -> disk:666
  ✓ Permissions set to 666
  ✓ Group ownership set to disk
Setting up: /dev/block/platform/soc/soc:ap-apb/71400000.sdio/mmcblk0p66 -> disk:666
  ✓ Permissions set to 666
  ✓ Group ownership set to disk
Setting up: /dev/block/platform/soc/soc:ap-apb/71400000.sdio/mmcblk0p67 -> disk:666
  ✓ Permissions set to 666
  ✓ Group ownership set to disk
Setting up: /dev/block/platform/soc/soc:ap-apb/71400000.sdio/mmcblk0p68 -> disk:666
  ✓ Permissions set to 666
  ✓ Group ownership set to disk
Setting up: /dev/block/platform/soc/soc:ap-apb/71400000.sdio/mmcblk0p69 -> disk:666
  ✓ Permissions set to 666
  ✓ Group ownership set to disk
Setting up: /dev/block/platform/soc/soc:ap-apb/71400000.sdio/mmcblk0p70 -> disk:666
  ✓ Permissions set to 666
  ✓ Group ownership set to disk
Setting up: /dev/block/platform/soc/soc:ap-apb/71400000.sdio/mmcblk0p71 -> disk:666
  ✓ Permissions set to 666
  ✓ Group ownership set to disk
Setting up: /dev/block/platform/soc/soc:ap-apb/71400000.sdio/mmcblk0p72 -> disk:666
  ✓ Permissions set to 666
  ✓ Group ownership set to disk
Setting up: /dev/block/platform/soc/soc:ap-apb/71400000.sdio/mmcblk0p73 -> disk:666
  ✓ Permissions set to 666
  ✓ Group ownership set to disk
Setting up: /dev/block/platform/soc/soc:ap-apb/71400000.sdio/mmcblk0p74 -> disk:666
  ✓ Permissions set to 666
  ✓ Group ownership set to disk
Setting up: /dev/block/platform/soc/soc:ap-apb/71400000.sdio/mmcblk0p75 -> disk:666
  ✓ Permissions set to 666
  ✓ Group ownership set to disk
Setting up: /dev/block/platform/soc/soc:ap-apb/71400000.sdio/mmcblk0p76 -> disk:666
  ✓ Permissions set to 666
  ✓ Group ownership set to disk
Setting up: /dev/block/platform/soc/soc:ap-apb/71400000.sdio/mmcblk0boot0 -> disk:640
  ✓ Permissions set to 640
  ✓ Group ownership set to disk
Setting up: /dev/block/platform/soc/soc:ap-apb/71400000.sdio/mmcblk0boot1 -> disk:640
  ✓ Permissions set to 640
  ✓ Group ownership set to disk
Setting up: /dev/block/platform/soc/soc:ap-apb/71400000.sdio/mmcblk0 -> disk:640
  ✓ Permissions set to 640
  ✓ Group ownership set to disk
Setting up: /dev/block/platform/soc/soc:ap-apb/71100000.sdio/mmcblk1p1 -> disk:666
  ✓ Permissions set to 666
  ✓ Group ownership set to disk
Setting up: /dev/block/platform/soc/soc:ap-apb/71100000.sdio/mmcblk1 -> disk:666
  ✓ Permissions set to 666
  ✓ Group ownership set to disk
Setting up: /dev/block/platform/81ff0000.rebootescrow/pmem0 -> disk:666
  ✓ Permissions set to 666
  ✓ Group ownership set to disk
Setting up: /dev/block/platform/soc/soc:ap-apb/71400000.sdio/by-name/socko_a -> disk:666
  ✓ Permissions set to 666
  ✓ Group ownership set to disk
Setting up: /dev/block/platform/soc/soc:ap-apb/71400000.sdio/by-name/socko_b -> disk:666
  ✓ Permissions set to 666
  ✓ Group ownership set to disk
Setting up: /dev/block/platform/soc/soc:ap-apb/71400000.sdio/by-name/miscdata -> disk:666
  ✓ Permissions set to 666
  ✓ Group ownership set to disk
Setting up: /dev/block/platform/soc/soc:ap-apb/71400000.sdio/by-name/trustos_a -> disk:666
  ✓ Permissions set to 666
  ✓ Group ownership set to disk
Setting up: /dev/block/platform/soc/soc:ap-apb/71400000.sdio/by-name/trustos_b -> disk:666
  ✓ Permissions set to 666
  ✓ Group ownership set to disk
Setting up: /dev/block/platform/soc/soc:ap-apb/71400000.sdio/by-name/vbmeta_vendor_a -> disk:666
  ✓ Permissions set to 666
  ✓ Group ownership set to disk
Setting up: /dev/block/platform/soc/soc:ap-apb/71400000.sdio/by-name/vbmeta_vendor_b -> disk:666
  ✓ Permissions set to 666
  ✓ Group ownership set to disk
Setting up: /dev/block/platform/soc/soc:ap-apb/71400000.sdio/by-name/vbmeta_a -> disk:666
  ✓ Permissions set to 666
  ✓ Group ownership set to disk
Setting up: /dev/block/platform/soc/soc:ap-apb/71400000.sdio/by-name/vbmeta_b -> disk:666
  ✓ Permissions set to 666
  ✓ Group ownership set to disk
Setting up: /dev/block/platform/soc/soc:ap-apb/71400000.sdio/by-name/odmko_a -> disk:666
  ✓ Permissions set to 666
  ✓ Group ownership set to disk
Setting up: /dev/block/platform/soc/soc:ap-apb/71400000.sdio/by-name/odmko_b -> disk:666
  ✓ Permissions set to 666
  ✓ Group ownership set to disk
Setting up: /dev/block/platform/soc/soc:ap-apb/71400000.sdio/by-name/vbmeta_system_ext_a -> disk:666
  ✓ Permissions set to 666
  ✓ Group ownership set to disk
Setting up: /dev/block/platform/soc/soc:ap-apb/71400000.sdio/by-name/vbmeta_system_ext_b -> disk:666
  ✓ Permissions set to 666
  ✓ Group ownership set to disk
Setting up: /dev/block/platform/soc/soc:ap-apb/71400000.sdio/by-name/uboot_a -> disk:666
  ✓ Permissions set to 666
  ✓ Group ownership set to disk
Setting up: /dev/block/platform/soc/soc:ap-apb/71400000.sdio/by-name/uboot_b -> disk:666
  ✓ Permissions set to 666
  ✓ Group ownership set to disk
Device not found: /dev/block/platform/soc/soc:ap-apb/71400000.sdio/by-name/mmcblk0boot1
Device not found: /dev/block/platform/soc/soc:ap-apb/71400000.sdio/by-name/mmcblk0boot0
Setting up: /dev/block/platform/soc/soc:ap-apb/71400000.sdio/by-name/avbmeta_rs_a -> disk:666
  ✓ Permissions set to 666
  ✓ Group ownership set to disk
Setting up: /dev/block/platform/soc/soc:ap-apb/71400000.sdio/by-name/avbmeta_rs_b -> disk:666
  ✓ Permissions set to 666
  ✓ Group ownership set to disk
Setting up: /dev/block/platform/soc/soc:ap-apb/71400000.sdio/by-name/common_rs1_a -> disk:666
  ✓ Permissions set to 666
  ✓ Group ownership set to disk
Setting up: /dev/block/platform/soc/soc:ap-apb/71400000.sdio/by-name/common_rs1_b -> disk:666
  ✓ Permissions set to 666
  ✓ Group ownership set to disk
Setting up: /dev/block/platform/soc/soc:ap-apb/71400000.sdio/by-name/l_agdsp_a -> disk:666
  ✓ Permissions set to 666
  ✓ Group ownership set to disk
Setting up: /dev/block/platform/soc/soc:ap-apb/71400000.sdio/by-name/l_agdsp_b -> disk:666
  ✓ Permissions set to 666
  ✓ Group ownership set to disk
Setting up: /dev/block/platform/soc/soc:ap-apb/71400000.sdio/by-name/metadata -> disk:666
  ✓ Permissions set to 666
  ✓ Group ownership set to disk
Setting up: /dev/block/platform/soc/soc:ap-apb/71400000.sdio/by-name/common_rs2_a -> disk:666
  ✓ Permissions set to 666
  ✓ Group ownership set to disk
Setting up: /dev/block/platform/soc/soc:ap-apb/71400000.sdio/by-name/common_rs2_b -> disk:666
  ✓ Permissions set to 666
  ✓ Group ownership set to disk
Setting up: /dev/block/platform/soc/soc:ap-apb/71400000.sdio/by-name/l_gdsp_a -> disk:666
  ✓ Permissions set to 666
  ✓ Group ownership set to disk
Setting up: /dev/block/platform/soc/soc:ap-apb/71400000.sdio/by-name/l_gdsp_b -> disk:666
  ✓ Permissions set to 666
  ✓ Group ownership set to disk
Setting up: /dev/block/platform/soc/soc:ap-apb/71400000.sdio/by-name/l_cdsp_a -> disk:666
  ✓ Permissions set to 666
  ✓ Group ownership set to disk
Setting up: /dev/block/platform/soc/soc:ap-apb/71400000.sdio/by-name/l_cdsp_b -> disk:666
  ✓ Permissions set to 666
  ✓ Group ownership set to disk
Setting up: /dev/block/platform/soc/soc:ap-apb/71400000.sdio/by-name/prodnv -> disk:666
  ✓ Permissions set to 666
  ✓ Group ownership set to disk
Setting up: /dev/block/platform/soc/soc:ap-apb/71400000.sdio/by-name/pm_sys_a -> disk:666
  ✓ Permissions set to 666
  ✓ Group ownership set to disk
Setting up: /dev/block/platform/soc/soc:ap-apb/71400000.sdio/by-name/pm_sys_b -> disk:666
  ✓ Permissions set to 666
  ✓ Group ownership set to disk
Setting up: /dev/block/platform/soc/soc:ap-apb/71400000.sdio/by-name/teecfg_a -> disk:666
  ✓ Permissions set to 666
  ✓ Group ownership set to disk
Setting up: /dev/block/platform/soc/soc:ap-apb/71400000.sdio/by-name/teecfg_b -> disk:666
  ✓ Permissions set to 666
  ✓ Group ownership set to disk
Setting up: /dev/block/platform/soc/soc:ap-apb/71400000.sdio/by-name/vbmeta_product_a -> disk:666
  ✓ Permissions set to 666
  ✓ Group ownership set to disk
Setting up: /dev/block/platform/soc/soc:ap-apb/71400000.sdio/by-name/vbmeta_product_b -> disk:666
  ✓ Permissions set to 666
  ✓ Group ownership set to disk
Setting up: /dev/block/platform/soc/soc:ap-apb/71400000.sdio/by-name/logo -> disk:666
  ✓ Permissions set to 666
  ✓ Group ownership set to disk
Setting up: /dev/block/platform/soc/soc:ap-apb/71400000.sdio/by-name/misc -> disk:666
  ✓ Permissions set to 666
  ✓ Group ownership set to disk
Setting up: /dev/block/platform/soc/soc:ap-apb/71400000.sdio/by-name/wcnmodem_a -> disk:666
  ✓ Permissions set to 666
  ✓ Group ownership set to disk
Setting up: /dev/block/platform/soc/soc:ap-apb/71400000.sdio/by-name/wcnmodem_b -> disk:666
  ✓ Permissions set to 666
  ✓ Group ownership set to disk
Setting up: /dev/block/platform/soc/soc:ap-apb/71400000.sdio/by-name/l_ldsp_b -> disk:666
  ✓ Permissions set to 666
  ✓ Group ownership set to disk
Setting up: /dev/block/platform/soc/soc:ap-apb/71400000.sdio/by-name/l_ldsp_a -> disk:666
  ✓ Permissions set to 666
  ✓ Group ownership set to disk
Setting up: /dev/block/platform/soc/soc:ap-apb/71400000.sdio/by-name/vbmeta_system_b -> disk:666
  ✓ Permissions set to 666
  ✓ Group ownership set to disk
Setting up: /dev/block/platform/soc/soc:ap-apb/71400000.sdio/by-name/vbmeta_system_a -> disk:666
  ✓ Permissions set to 666
  ✓ Group ownership set to disk
Setting up: /dev/block/platform/soc/soc:ap-apb/71400000.sdio/by-name/l_fixnv2_a -> disk:666
  ✓ Permissions set to 666
  ✓ Group ownership set to disk
Setting up: /dev/block/platform/soc/soc:ap-apb/71400000.sdio/by-name/l_fixnv2_b -> disk:666
  ✓ Permissions set to 666
  ✓ Group ownership set to disk
Setting up: /dev/block/platform/soc/soc:ap-apb/71400000.sdio/by-name/l_modem_a -> disk:666
  ✓ Permissions set to 666
  ✓ Group ownership set to disk
Setting up: /dev/block/platform/soc/soc:ap-apb/71400000.sdio/by-name/l_modem_b -> disk:666
  ✓ Permissions set to 666
  ✓ Group ownership set to disk
Setting up: /dev/block/platform/soc/soc:ap-apb/71400000.sdio/by-name/l_deltanv_a -> disk:666
  ✓ Permissions set to 666
  ✓ Group ownership set to disk
Setting up: /dev/block/platform/soc/soc:ap-apb/71400000.sdio/by-name/l_deltanv_b -> disk:666
  ✓ Permissions set to 666
  ✓ Group ownership set to disk
Setting up: /dev/block/platform/soc/soc:ap-apb/71400000.sdio/by-name/l_runtimenv2 -> disk:666
  ✓ Permissions set to 666
  ✓ Group ownership set to disk
Setting up: /dev/block/platform/soc/soc:ap-apb/71400000.sdio/by-name/l_runtimenv1 -> disk:666
  ✓ Permissions set to 666
  ✓ Group ownership set to disk
Setting up: /dev/block/platform/soc/soc:ap-apb/71400000.sdio/by-name/sml_a -> disk:666
  ✓ Permissions set to 666
  ✓ Group ownership set to disk
Setting up: /dev/block/platform/soc/soc:ap-apb/71400000.sdio/by-name/sml_b -> disk:666
  ✓ Permissions set to 666
  ✓ Group ownership set to disk
Setting up: /dev/block/platform/soc/soc:ap-apb/71400000.sdio/by-name/vbmeta_odm_a -> disk:666
  ✓ Permissions set to 666
  ✓ Group ownership set to disk
Setting up: /dev/block/platform/soc/soc:ap-apb/71400000.sdio/by-name/vbmeta_odm_b -> disk:666
  ✓ Permissions set to 666
  ✓ Group ownership set to disk
Setting up: /dev/block/platform/soc/soc:ap-apb/71400000.sdio/by-name/gnssmodem_a -> disk:666
  ✓ Permissions set to 666
  ✓ Group ownership set to disk
Setting up: /dev/block/platform/soc/soc:ap-apb/71400000.sdio/by-name/gnssmodem_b -> disk:666
  ✓ Permissions set to 666
  ✓ Group ownership set to disk
Setting up: /dev/block/platform/soc/soc:ap-apb/71400000.sdio/by-name/persist -> disk:666
  ✓ Permissions set to 666
  ✓ Group ownership set to disk
Setting up: /dev/block/platform/soc/soc:ap-apb/71400000.sdio/by-name/sysdumpdb -> disk:666
  ✓ Permissions set to 666
  ✓ Group ownership set to disk
Setting up: /dev/block/platform/soc/soc:ap-apb/71400000.sdio/by-name/dtbo_a -> disk:666
  ✓ Permissions set to 666
  ✓ Group ownership set to disk
Setting up: /dev/block/platform/soc/soc:ap-apb/71400000.sdio/by-name/dtbo_b -> disk:666
  ✓ Permissions set to 666
  ✓ Group ownership set to disk
Setting up: /dev/block/platform/soc/soc:ap-apb/71400000.sdio/by-name/l_fixnv1_a -> disk:666
  ✓ Permissions set to 666
  ✓ Group ownership set to disk
Setting up: /dev/block/platform/soc/soc:ap-apb/71400000.sdio/by-name/l_fixnv1_b -> disk:666
  ✓ Permissions set to 666
  ✓ Group ownership set to disk
Setting up: /dev/block/platform/soc/soc:ap-apb/71400000.sdio/by-name/dtb_a -> disk:666
  ✓ Permissions set to 666
  ✓ Group ownership set to disk
Setting up: /dev/block/platform/soc/soc:ap-apb/71400000.sdio/by-name/dtb_b -> disk:666
  ✓ Permissions set to 666
  ✓ Group ownership set to disk
Setting up: /dev/block/platform/soc/soc:ap-apb/71400000.sdio/by-name/hypervsior_b -> disk:666
  ✓ Permissions set to 666
  ✓ Group ownership set to disk
Setting up: /dev/block/platform/soc/soc:ap-apb/71400000.sdio/by-name/hypervsior_a -> disk:666
  ✓ Permissions set to 666
  ✓ Group ownership set to disk
Setting up: /dev/block/platform/soc/soc:ap-apb/71400000.sdio/by-name/super -> disk:666
  ✓ Permissions set to 666
  ✓ Group ownership set to disk
Setting up: /dev/block/platform/soc/soc:ap-apb/71400000.sdio/by-name/uboot_log -> disk:666
  ✓ Permissions set to 666
  ✓ Group ownership set to disk
Setting up: /dev/block/platform/soc/soc:ap-apb/71400000.sdio/by-name/fbootlogo -> disk:666
  ✓ Permissions set to 666
  ✓ Group ownership set to disk
Device not found: /dev/block/platform/soc/soc:ap-apb/71400000.sdio/by-name/mmcblk0
Setting up devices matching pattern: /dev/audio_dsp*
Setting up devices matching pattern: /dev/audio_pipe*
Setting up: /dev/audio_pipe_bthal -> audio:660
  ✓ Permissions set to 660
  ✓ Group ownership set to audio
Setting up: /dev/audio_pipe_effect -> audio:660
  ✓ Permissions set to 660
  ✓ Group ownership set to audio
Setting up: /dev/audio_pipe_recordproc -> audio:660
  ✓ Permissions set to 660
  ✓ Group ownership set to audio
Setting up: /dev/audio_pipe_voice -> audio:660
  ✓ Permissions set to 660
  ✓ Group ownership set to audio
Device not found: /dev/sttygnss0
Device not found: /dev/spipe_gnss0
Device not found: /dev/spipe_gnss1
Device not found: /dev/ttyM0
Device not found: /dev/ttyM1
Device not found: /dev/sttybt0
Setting up devices matching pattern: /dev/stty_lte*
Setting up: /dev/stty_lte0 -> sys:660
  ✓ Permissions set to 660
  ✓ Group ownership set to sys
Setting up: /dev/stty_lte1 -> sys:660
  ✓ Permissions set to 660
  ✓ Group ownership set to sys
Setting up: /dev/stty_lte10 -> sys:660
  ✓ Permissions set to 660
  ✓ Group ownership set to sys
Setting up: /dev/stty_lte11 -> sys:660
  ✓ Permissions set to 660
  ✓ Group ownership set to sys
Setting up: /dev/stty_lte12 -> sys:660
  ✓ Permissions set to 660
  ✓ Group ownership set to sys
Setting up: /dev/stty_lte13 -> sys:660
  ✓ Permissions set to 660
  ✓ Group ownership set to sys
Setting up: /dev/stty_lte14 -> sys:660
  ✓ Permissions set to 660
  ✓ Group ownership set to sys
Setting up: /dev/stty_lte15 -> sys:660
  ✓ Permissions set to 660
  ✓ Group ownership set to sys
Setting up: /dev/stty_lte16 -> sys:660
  ✓ Permissions set to 660
  ✓ Group ownership set to sys
Setting up: /dev/stty_lte17 -> sys:660
  ✓ Permissions set to 660
  ✓ Group ownership set to sys
Setting up: /dev/stty_lte18 -> sys:660
  ✓ Permissions set to 660
  ✓ Group ownership set to sys
Setting up: /dev/stty_lte19 -> sys:660
  ✓ Permissions set to 660
  ✓ Group ownership set to sys
Setting up: /dev/stty_lte2 -> sys:660
  ✓ Permissions set to 660
  ✓ Group ownership set to sys
Setting up: /dev/stty_lte20 -> sys:660
  ✓ Permissions set to 660
  ✓ Group ownership set to sys
Setting up: /dev/stty_lte21 -> sys:660
  ✓ Permissions set to 660
  ✓ Group ownership set to sys
Setting up: /dev/stty_lte22 -> sys:660
  ✓ Permissions set to 660
  ✓ Group ownership set to sys
Setting up: /dev/stty_lte23 -> sys:660
  ✓ Permissions set to 660
  ✓ Group ownership set to sys
Setting up: /dev/stty_lte24 -> sys:660
  ✓ Permissions set to 660
  ✓ Group ownership set to sys
Setting up: /dev/stty_lte25 -> sys:660
  ✓ Permissions set to 660
  ✓ Group ownership set to sys
Setting up: /dev/stty_lte26 -> sys:660
  ✓ Permissions set to 660
  ✓ Group ownership set to sys
Setting up: /dev/stty_lte27 -> sys:660
  ✓ Permissions set to 660
  ✓ Group ownership set to sys
Setting up: /dev/stty_lte28 -> sys:660
  ✓ Permissions set to 660
  ✓ Group ownership set to sys
Setting up: /dev/stty_lte29 -> sys:660
  ✓ Permissions set to 660
  ✓ Group ownership set to sys
Setting up: /dev/stty_lte3 -> sys:660
  ✓ Permissions set to 660
  ✓ Group ownership set to sys
Setting up: /dev/stty_lte30 -> sys:660
  ✓ Permissions set to 660
  ✓ Group ownership set to sys
Setting up: /dev/stty_lte31 -> sys:660
  ✓ Permissions set to 660
  ✓ Group ownership set to sys
Setting up: /dev/stty_lte4 -> sys:660
  ✓ Permissions set to 660
  ✓ Group ownership set to sys
Setting up: /dev/stty_lte5 -> sys:660
  ✓ Permissions set to 660
  ✓ Group ownership set to sys
Setting up: /dev/stty_lte6 -> sys:660
  ✓ Permissions set to 660
  ✓ Group ownership set to sys
Setting up: /dev/stty_lte7 -> sys:660
  ✓ Permissions set to 660
  ✓ Group ownership set to sys
Setting up: /dev/stty_lte8 -> sys:660
  ✓ Permissions set to 660
  ✓ Group ownership set to sys
Setting up: /dev/stty_lte9 -> sys:660
  ✓ Permissions set to 660
  ✓ Group ownership set to sys
Setting up: /dev/spipe_lte5 -> sys:660
  ✓ Permissions set to 660
  ✓ Group ownership set to sys
Setting up: /dev/spipe_lte4 -> audio:660
  ✓ Permissions set to 660
  ✓ Group ownership set to audio
Setting up: /dev/spipe_lte6 -> audio:660
  ✓ Permissions set to 660
  ✓ Group ownership set to audio
Setting up: /dev/spipe_lte9 -> dialout:660
  ✓ Permissions set to 660
  ✓ Group ownership set to dialout
Setting up: /dev/spipe_lte14 -> audio:660
  ✓ Permissions set to 660
  ✓ Group ownership set to audio
Setting up devices matching pattern: /dev/spipe_pm*
Setting up: /dev/spipe_pm0 -> sys:666
  ✓ Permissions set to 666
  ✓ Group ownership set to sys
Setting up: /dev/spipe_pm1 -> sys:666
  ✓ Permissions set to 666
  ✓ Group ownership set to sys
Setting up devices matching pattern: /dev/vdsp*
Setting up: /dev/vdsp0 -> sys:660
  ✓ Permissions set to 660
  ✓ Group ownership set to sys
Device not found: /dev/sprd_jpg1
Device not found: /dev/sprd_vpp
Device not found: /dev/sprd_vsp_enc
Device not found: /dev/sprd_image
Device not found: /dev/sprd_isp
Device not found: /dev/sprd_fd
Device not found: /dev/pvr_sync
Setting up devices matching pattern: /dev/dri/*
Setting up: /dev/dri/card0 -> video:666
  ✓ Permissions set to 666
  ✓ Group ownership set to video
Setting up devices matching pattern: /dev/graphics/*
Device not found: /dev/block/by-name/l_agdsp
Setting up devices matching pattern: /dev/block/by-name/l_*
Setting up: /dev/block/by-name/l_agdsp_a -> sys:660
  ✓ Permissions set to 660
  ✓ Group ownership set to sys
Setting up: /dev/block/by-name/l_agdsp_b -> sys:660
  ✓ Permissions set to 660
  ✓ Group ownership set to sys
Setting up: /dev/block/by-name/l_cdsp_a -> sys:660
  ✓ Permissions set to 660
  ✓ Group ownership set to sys
Setting up: /dev/block/by-name/l_cdsp_b -> sys:660
  ✓ Permissions set to 660
  ✓ Group ownership set to sys
Setting up: /dev/block/by-name/l_deltanv_a -> sys:660
  ✓ Permissions set to 660
  ✓ Group ownership set to sys
Setting up: /dev/block/by-name/l_deltanv_b -> sys:660
  ✓ Permissions set to 660
  ✓ Group ownership set to sys
Setting up: /dev/block/by-name/l_fixnv1_a -> sys:660
  ✓ Permissions set to 660
  ✓ Group ownership set to sys
Setting up: /dev/block/by-name/l_fixnv1_b -> sys:660
  ✓ Permissions set to 660
  ✓ Group ownership set to sys
Setting up: /dev/block/by-name/l_fixnv2_a -> sys:660
  ✓ Permissions set to 660
  ✓ Group ownership set to sys
Setting up: /dev/block/by-name/l_fixnv2_b -> sys:660
  ✓ Permissions set to 660
  ✓ Group ownership set to sys
Setting up: /dev/block/by-name/l_gdsp_a -> sys:660
  ✓ Permissions set to 660
  ✓ Group ownership set to sys
Setting up: /dev/block/by-name/l_gdsp_b -> sys:660
  ✓ Permissions set to 660
  ✓ Group ownership set to sys
Setting up: /dev/block/by-name/l_ldsp_a -> sys:660
  ✓ Permissions set to 660
  ✓ Group ownership set to sys
Setting up: /dev/block/by-name/l_ldsp_b -> sys:660
  ✓ Permissions set to 660
  ✓ Group ownership set to sys
Setting up: /dev/block/by-name/l_modem_a -> sys:660
  ✓ Permissions set to 660
  ✓ Group ownership set to sys
Setting up: /dev/block/by-name/l_modem_b -> sys:660
  ✓ Permissions set to 660
  ✓ Group ownership set to sys
Setting up: /dev/block/by-name/l_runtimenv1 -> sys:660
  ✓ Permissions set to 660
  ✓ Group ownership set to sys
Setting up: /dev/block/by-name/l_runtimenv2 -> sys:660
  ✓ Permissions set to 660
  ✓ Group ownership set to sys
Setting up devices matching pattern: /dev/block/by-name/pm_sys*
Setting up: /dev/block/by-name/pm_sys_a -> sys:660
  ✓ Permissions set to 660
  ✓ Group ownership set to sys
Setting up: /dev/block/by-name/pm_sys_b -> sys:660
  ✓ Permissions set to 660
  ✓ Group ownership set to sys
Setting up devices matching pattern: /dev/block/mmcblk1p*
Setting up: /dev/block/mmcblk1p1 -> sys:660
  ✓ Permissions set to 660
  ✓ Group ownership set to sys
Setting up: /dev/mmcblk0rpmb -> sys:660
  ✓ Permissions set to 660
  ✓ Group ownership set to sys
Device not found: /dev/block/memdisk0p1
Setting up devices matching pattern: /dev/input/event*
Setting up: /dev/input/event0 -> input:660
  ✓ Permissions set to 660
  ✓ Group ownership set to input
Setting up: /dev/input/event1 -> input:660
  ✓ Permissions set to 660
  ✓ Group ownership set to input
Setting up: /dev/input/event2 -> input:660
  ✓ Permissions set to 660
  ✓ Group ownership set to input
Setting up: /dev/input/event3 -> input:660
  ✓ Permissions set to 660
  ✓ Group ownership set to input
Setting up: /dev/input/event4 -> input:660
  ✓ Permissions set to 660
  ✓ Group ownership set to input
Setting up: /dev/input/event5 -> input:660
  ✓ Permissions set to 660
  ✓ Group ownership set to input
Setting up: /dev/input/event6 -> input:660
  ✓ Permissions set to 660
  ✓ Group ownership set to input
Setting up devices matching pattern: /dev/v4l-touch*
Setting up devices matching pattern: /dev/input/*
Setting up: /dev/input/event0 -> input:660
  ✓ Permissions set to 660
  ✓ Group ownership set to input
Setting up: /dev/input/event1 -> input:660
  ✓ Permissions set to 660
  ✓ Group ownership set to input
Setting up: /dev/input/event2 -> input:660
  ✓ Permissions set to 660
  ✓ Group ownership set to input
Setting up: /dev/input/event3 -> input:660
  ✓ Permissions set to 660
  ✓ Group ownership set to input
Setting up: /dev/input/event4 -> input:660
  ✓ Permissions set to 660
  ✓ Group ownership set to input
Setting up: /dev/input/event5 -> input:660
  ✓ Permissions set to 660
  ✓ Group ownership set to input
Setting up: /dev/input/event6 -> input:660
  ✓ Permissions set to 660
  ✓ Group ownership set to input
Setting up: /dev/input/js0 -> input:660
  ✓ Permissions set to 660
  ✓ Group ownership set to input
Setting up: /dev/input/mice -> input:660
  ✓ Permissions set to 660
  ✓ Group ownership set to input
Setting up devices matching pattern: /dev/bus/usb/*
Setting up: /dev/bus/usb/001 -> usb:660
  ✓ Permissions set to 660
  ✓ Group ownership set to usb
Device not found: /dev/ttyS3
Device not found: /dev/ttyS4
Device not found: /dev/power_ctl
Setting up devices matching pattern: /dev/ttyGS*
Setting up: /dev/ttyGS0 -> sys:660
  ✓ Permissions set to 660
  ✓ Group ownership set to sys
Setting up: /dev/ttyGS1 -> sys:660
  ✓ Permissions set to 660
  ✓ Group ownership set to sys
Setting up: /dev/ttyGS2 -> sys:660
  ✓ Permissions set to 660
  ✓ Group ownership set to sys
Setting up: /dev/ttyGS3 -> sys:660
  ✓ Permissions set to 660
  ✓ Group ownership set to sys
Setting up: /dev/ttyGS4 -> sys:660
  ✓ Permissions set to 660
  ✓ Group ownership set to sys
Setting up: /dev/ttyGS5 -> sys:660
  ✓ Permissions set to 660
  ✓ Group ownership set to sys
Setting up: /dev/ttyGS6 -> sys:660
  ✓ Permissions set to 660
  ✓ Group ownership set to sys
Setting up: /dev/ttyGS7 -> sys:660
  ✓ Permissions set to 660
  ✓ Group ownership set to sys
Setting up devices matching pattern: /dev/iio:device*
Setting up: /dev/iio:device0 -> sys:660
  ✓ Permissions set to 660
  ✓ Group ownership set to sys
Setting up: /dev/iio:device1 -> sys:660
  ✓ Permissions set to 660
  ✓ Group ownership set to sys
Setting up devices matching pattern: /dev/rtc*
Setting up: /dev/rtc0 -> sys:660
  ✓ Permissions set to 660
  ✓ Group ownership set to sys
Device not found: /dev/hw_random
Device not found: /dev/tty0
Setting up: /dev/binder -> root:666
chmod: cannot operate on dangling symlink '/dev/binder'
  ✓ Permissions set to 666
chgrp: cannot dereference '/dev/binder': No such file or directory
  ✓ Group ownership set to root
Setting up: /dev/hwbinder -> root:666
chmod: cannot operate on dangling symlink '/dev/hwbinder'
  ✓ Permissions set to 666
chgrp: cannot dereference '/dev/hwbinder': No such file or directory
  ✓ Group ownership set to root
Setting up: /dev/vndbinder -> root:666
chmod: cannot operate on dangling symlink '/dev/vndbinder'
  ✓ Permissions set to 666
chgrp: cannot dereference '/dev/vndbinder': No such file or directory
  ✓ Group ownership set to root
Adding p3plus to essential device access groups...
User p3plus already in group disk
User p3plus already in group dialout
User p3plus already in group audio
User p3plus already in group video
User p3plus already in group input
User p3plus already in group netdev
User p3plus already in group sys
User p3plus already in group adm
User p3plus already in group users
User p3plus already in group wheel
Adding p3plus to group: bluetooth
✓ User p3plus added to group bluetooth
Adding p3plus to group: graphics
✓ User p3plus added to group graphics
Adding p3plus to group: log
✓ User p3plus added to group log
Adding p3plus to group: usb
✓ User p3plus added to group usb
Adding p3plus to group: mtp
✓ User p3plus added to group mtp
=========================================
Device setup completed: Mon Oct 20 02:22:33 EDT 2025
Devices processed: 4649
Successful operations: 9428
Failed operations: 0
0
Log saved to: /data/dev-nodes-logs.log
=========================================
Current groups for user p3plus:
tty kmem cdrom ftp sshd input netdev games ntp abuild utmp nogroup nobody usb bluetooth graphics log mtp 

Setup complete. Please log out and log back in for group changes to take effect.
Run 'cat /data/dev-nodes-logs.log' to review the complete setup log.
[2025-10-20 02:22:33] ✓ Device nodes setup completed
[2025-10-20 02:22:33] ✓ Device nodes and permissions setup process completed
[2025-10-20 02:22:33] ✓ User p3plus now has access to all configured device nodes
[2025-10-20 02:22:33] === Applying group membership changes ===
[2025-10-20 02:22:33] Logging out to apply group changes...
[2025-10-20 02:22:33] Executing logout via chroot-distro...
[2025-10-20 02:22:34] Waiting 3 seconds for session to close...
[2025-10-20 02:22:38] Logging back in to apply changes...
root
[2025-10-20 02:22:39] ✓ Successfully logged back in
[2025-10-20 02:22:39] ✓ Group changes should now be in effect
[2025-10-20 02:22:39] === Testing Alpine Linux installation ===
[2025-10-20 02:22:39] Testing chroot-distro environment...
[2025-10-20 02:22:39] EXECUTING: chroot-distro env
Script: /system/bin/chroot-distro
Version: 2.1.0
VersionCode: 17
md5 hash: 0d6f52524c601b6c968ce51d796b25f3
Toybox version: toybox 0.8.3-android
busybox => '/system/bin/busybox'
Busybox version: BusyBox v1.36.1-osm0sis (2023-09-02 19:01:41 ADT) multi-call binary.
chroot => '/system/bin/chroot'
lsof => 'busybox lsof'
Magisk installed (29.0:MAGISK:R)
Busybox for Android NDK Magisk module installed
Linux 4.14.193 #1 SMP PREEMPT Tue Jul 4 17:03:59 HKT 2023 aarch64 Android
PATH=/debug_ramdisk:/sbin:/sbin/su:/su/bin:/su/xbin:/system/bin:/system/xbin
[2025-10-20 02:22:39] SUCCESS: Command completed successfully
[2025-10-20 02:22:39] Testing Alpine package manager...
apk-tools 2.14.9, compiled for aarch64.
[2025-10-20 02:22:40] ✓ Alpine package manager is working
[2025-10-20 02:22:40] Testing UNISOC hardware script...
Script is executable
[2025-10-20 02:22:41] ✓ UNISOC hardware script is installed and executable
[2025-10-20 02:22:41] Testing Alpine login capability...
root
/root
[2025-10-20 02:22:42] ✓ Alpine environment is accessible
[2025-10-20 02:22:42] Testing D-Bus availability...
/usr/bin/dbus-daemon
/usr/bin/dbus-launch
[2025-10-20 02:22:43] ✓ D-Bus daemon and dbus-launch are installed
D-Bus Message Bus Daemon 1.16.2
Copyright (C) 2002, 2003 Red Hat, Inc., CodeFactory AB, and others
This is free software; see the source for copying conditions.
There is NO warranty; not even for MERCHANTABILITY or FITNESS FOR A PARTICULAR PURPOSE.
[2025-10-20 02:22:44] ✓ D-Bus version check completed
[2025-10-20 02:22:44] Testing D-Bus service configuration...
-sh: rc-service: not found
D-Bus service not started (expected in chroot)
[2025-10-20 02:22:45] ✓ D-Bus service check completed
[2025-10-20 02:22:45] === Testing comprehensive device node access ===
[2025-10-20 02:22:45] Testing critical system device nodes...
[2025-10-20 02:22:45]   Testing /dev/null...
Success
[2025-10-20 02:22:46]   ✓ /dev/null has read/write access
[2025-10-20 02:22:46]   Testing /dev/zero...
[2025-10-20 02:22:47]   ✓ /dev/zero has read access
[2025-10-20 02:22:47]   Testing /dev/random and /dev/urandom...
[2025-10-20 02:22:48]   ✓ /dev/random has read access
[2025-10-20 02:22:49]   ✓ /dev/urandom has read access
[2025-10-20 02:22:50]   Testing /dev/full...
Success
[2025-10-20 02:22:51]   ✓ /dev/full has write access
[2025-10-20 02:22:51] Testing audio device access...
total 0
drwxr-xr-x  2 root   root      600 Oct 20 02:13 .
drwxr-xr-x 24 root   root     3840 Oct 20 02:16 ..
crw-rw-rw-  1 p3plus audio 116, 28 Oct 20 02:13 comprC0D11
crw-rw-rw-  1 p3plus audio 116, 27 Oct 20 02:13 comprC0D4
crw-rw-rw-  1 p3plus audio 116,  2 Oct 20 02:13 controlC0
crw-rw-rw-  1 p3plus audio 116,  4 Oct 20 02:13 pcmC0D0c
crw-rw-rw-  1 p3plus audio 116,  3 Oct 20 02:13 pcmC0D0p
crw-rw-rw-  1 p3plus audio 116, 17 Oct 20 02:13 pcmC0D10c
crw-rw-rw-  1 p3plus audio 116, 16 Oct 20 02:13 pcmC0D10p
[2025-10-20 02:22:52] ✓ Audio devices (/dev/snd/*) are accessible
Write access OK
[2025-10-20 02:22:53]   ✓ /dev/snd/controlC0 has write access
[2025-10-20 02:22:53] Testing video/GPU device access...
crw-rw-rw- 1 root video 226, 0 Oct 20 02:13 /dev/dri/card0
[2025-10-20 02:22:54] ✓ GPU device (/dev/dri/card0) is accessible
RW access OK
[2025-10-20 02:22:55]   ✓ /dev/dri/card0 has read/write access
crw-rw-rw- 1 p3plus video 10, 18 Oct 20 02:13 /dev/mali0
[2025-10-20 02:22:56] ✓ Mali GPU device (/dev/mali0) is accessible
[2025-10-20 02:22:56] Testing input device access...
total 0
drwxr-xr-x  2 root   root     220 Oct 20 02:13 .
drwxr-xr-x 24 root   root    3840 Oct 20 02:16 ..
crw-rw----  1 p3plus input 13, 64 Oct 20 02:13 event0
crw-rw----  1 p3plus input 13, 65 Oct 20 02:13 event1
crw-rw----  1 p3plus input 13, 66 Oct 20 02:13 event2
crw-rw----  1 p3plus input 13, 67 Oct 20 02:13 event3
crw-rw----  1 p3plus input 13, 68 Oct 20 02:13 event4
crw-rw----  1 p3plus input 13, 69 Oct 20 02:13 event5
crw-rw----  1 p3plus input 13, 70 Oct 20 02:13 event6
[2025-10-20 02:22:57] ✓ Input devices (/dev/input/*) are accessible
[2025-10-20 02:22:57] Testing serial/TTY device access...
crw-rw-rw- 1 root   tty       5, 0 Oct 20 02:13 /dev/tty
crw-rw-rw- 1   1002 dialout 505, 0 Oct 20 02:20 /dev/ttyBT0
crw-rw-rw- 1 root   dialout 505, 1 Oct 20 02:13 /dev/ttyBT1
crw-rw---- 1 p3plus sys     510, 0 Oct 20 02:13 /dev/ttyGS0
crw-rw---- 1 p3plus sys     510, 1 Oct 20 02:13 /dev/ttyGS1
[2025-10-20 02:22:58] ✓ TTY devices are accessible
[2025-10-20 02:22:58] Testing LTE/UNISOC device access...
crw-rw-rw- 1 p3plus dialout 241,  0 Oct 20 02:13 /dev/spipe_lte0
crw-rw-rw- 1 p3plus dialout 241,  1 Oct 20 02:13 /dev/spipe_lte1
crw-rw-rw- 1 p3plus dialout 241, 10 Oct 20 02:13 /dev/spipe_lte10
crw-rw-rw- 1 p3plus dialout 241, 11 Oct 20 02:13 /dev/spipe_lte11
crw-rw-rw- 1 p3plus dialout 241, 12 Oct 20 02:13 /dev/spipe_lte12
crw-rw-rw- 1 p3plus dialout 241, 13 Oct 20 02:13 /dev/spipe_lte13
crw-rw---- 1   1041 audio   241, 14 Oct 20 02:13 /dev/spipe_lte14
crw-rw-rw- 1 p3plus dialout 241,  2 Oct 20 02:13 /dev/spipe_lte2
crw-rw-rw- 1 p3plus dialout 241,  3 Oct 20 02:13 /dev/spipe_lte3
crw-rw---- 1   1013 audio   241,  4 Oct 20 02:13 /dev/spipe_lte4
[2025-10-20 02:22:59] ✓ UNISOC LTE devices are accessible
[2025-10-20 02:22:59] Testing GPIO device access...
crw-rw-rw- 1 root sys 254, 0 Oct 20 02:13 /dev/gpiochip0
crw-rw-rw- 1 root sys 254, 1 Oct 20 02:13 /dev/gpiochip1
crw-rw-rw- 1 root sys 254, 2 Oct 20 02:13 /dev/gpiochip2
crw-rw-rw- 1 root sys 254, 3 Oct 20 02:13 /dev/gpiochip3
crw-rw-rw- 1 root sys 254, 4 Oct 20 02:13 /dev/gpiochip4
crw-rw-rw- 1 root sys 254, 5 Oct 20 02:13 /dev/gpiochip5
[2025-10-20 02:23:00] ✓ GPIO devices are accessible
[2025-10-20 02:23:00] Testing I2C device access...
crw-rw-rw- 1 root sys 89, 0 Oct 20 02:13 /dev/i2c-0
crw-rw-rw- 1 root sys 89, 1 Oct 20 02:13 /dev/i2c-1
crw-rw-rw- 1 root sys 89, 2 Oct 20 02:13 /dev/i2c-2
crw-rw-rw- 1 root sys 89, 3 Oct 20 02:13 /dev/i2c-3
crw-rw-rw- 1 root sys 89, 4 Oct 20 02:13 /dev/i2c-4
crw-rw-rw- 1 root sys 89, 5 Oct 20 02:13 /dev/i2c-5
[2025-10-20 02:23:01] ✓ I2C devices are accessible
[2025-10-20 02:23:01] Testing sensor device access...
crw-rw---- 1 p3plus sys 247, 0 Oct 20 02:13 /dev/iio:device0
crw-rw---- 1 p3plus sys 247, 1 Oct 20 02:13 /dev/iio:device1
[2025-10-20 02:23:02] ✓ Sensor devices are accessible
[2025-10-20 02:23:02] Testing block device access...
crw-rw-rw- 1 root disk 10, 237 Oct 20 02:13 /dev/loop-control
[2025-10-20 02:23:03] ✓ Loop devices are accessible
[2025-10-20 02:23:03] Testing user p3plus group memberships...
p3plus root bin daemon sys adm tty disk lp kmem wheel floppy mail news uucp cron audio cdrom dialout ftp sshd input tape video netdev kvm games users ntp abuild utmp nogroup nobody usb bluetooth graphics log mtp
[2025-10-20 02:23:04] ✓ User p3plus group memberships retrieved
p3plus root bin daemon sys adm tty disk lp kmem wheel floppy mail news uucp cron audio cdrom dialout ftp sshd input tape video netdev kvm games users ntp abuild utmp nogroup nobody usb bluetooth graphics log mtp
[2025-10-20 02:23:05] Testing device access as user p3plus...
su: can't set groups: No such file or directory
[2025-10-20 02:23:06] ⚠ User p3plus may have limited device access
[2025-10-20 02:23:06] Verifying chroot system environment...
[2025-10-20 02:23:06]   Checking /dev/shm...
drwxrwxrwt 2 root root 40 Oct 20 02:16 /dev/shm
[2025-10-20 02:23:07]   ✓ /dev/shm exists and is accessible
[2025-10-20 02:23:07]   Checking /tmp...
drwxrwxrwt 3 root root 60 Oct 20 02:22 /tmp
[2025-10-20 02:23:08]   ✓ /tmp exists and is accessible
[2025-10-20 02:23:08]   Checking /tmp/runtime...
drwxrwxrwt 2 root root 40 Oct 20 02:16 /tmp/runtime
[2025-10-20 02:23:09]   ✓ /tmp/runtime exists and is accessible
[2025-10-20 02:23:09] Testing Android partition bind-mounts...
[2025-10-20 02:23:09]   Checking /system...
total 92
drwxr-xr-x 14 root root   4096 Dec 31  2008 .
drwxr-xr-x 37 root root   4096 Oct 20 02:16 ..
drwxr-xr-x  2 root root   4096 Dec 31  2008 apex
drwxr-xr-x 15 root root   4096 Dec 31  2008 app
[2025-10-20 02:23:10]   ✓ /system is accessible
[2025-10-20 02:23:10]   Checking /system_ext...
total 60
drwxr-xr-x 11 root root   4096 Dec 31  2008 .
drwxr-xr-x 37 root root   4096 Oct 20 02:16 ..
drwxr-xr-x 12 root root   4096 Dec 31  2008 app
drwxr-x--x  2 root shell  4096 Dec 31  2008 bin
[2025-10-20 02:23:11]   ✓ /system_ext is accessible
[2025-10-20 02:23:11]   Checking /vendor...
total 104
drwxr-xr-x 15 root shell  4096 Dec 31  2008 .
drwxr-xr-x 37 root root   4096 Oct 20 02:16 ..
drwxr-xr-x  8 root shell  4096 Dec 31  2008 app
drwxr-x--x  4 root shell  4096 Dec 31  2008 bin
[2025-10-20 02:23:12]   ✓ /vendor is accessible
[2025-10-20 02:23:12]   Checking /product...
total 52
drwxr-xr-x  9 root root  4096 Dec 31  2008 .
drwxr-xr-x 37 root root  4096 Oct 20 02:16 ..
drwxr-xr-x  9 root root  4096 Dec 31  2008 app
-rw-------  1 root root  1636 Dec 31  2008 build.prop
[2025-10-20 02:23:13]   ✓ /product is accessible
[2025-10-20 02:23:13] ✓ All system environment directories and device nodes verified
[2025-10-20 02:23:13] ✓ Installation testing completed successfully
[2025-10-20 02:23:13] === Deleting .rootfs folder ===
[2025-10-20 02:23:13] Found .rootfs folder at: /data/linuxdata/chroot-distro/.rootfs
[2025-10-20 02:23:13] Size of .rootfs folder: 3.8M
[2025-10-20 02:23:13] Deleting .rootfs folder...
[2025-10-20 02:23:13] ✓ Successfully deleted .rootfs folder
[2025-10-20 02:23:13] ✓ Freed up: 3.8M
[2025-10-20 02:23:13] ✓ .rootfs cleanup completed
[2025-10-20 02:23:13] === Creating persistent mount script ===
[2025-10-20 02:23:13] ✓ Created persistent mount script: /data/adb/service.d/alpine-mount.sh
[2025-10-20 02:23:14] Testing persistent mount script...
[2025-10-20 02:23:14] ✓ Persistent mount script is executable
[2025-10-20 02:23:14] 
[2025-10-20 02:23:14] === Setup Complete ===
[2025-10-20 02:23:14] Alpine Linux has been successfully installed to: /data/linuxdata/chroot-distro
[2025-10-20 02:23:14] Full log saved to: /storage/3454-7DC4/alpine_setup.log
[2025-10-20 02:23:14] Device setup log saved to: /data/dev-nodes-logs.log
[2025-10-20 02:23:14] The system will automatically mount and configure on reboot.
[2025-10-20 02:23:14] Setup completed successfully at Mon Oct 20 02:23:14 EDT 2025
[2025-10-20 02:23:14] ✓ Backup log created at /data/alpine_setup_backup.log